PATH,REFERENCE_ID,CHANNEL,CAPTURE,POSE,REYE_X,REYE_Y,LEYE_X,LEYE_Y,NOSE_X,NOSE_Y,MOUTH_X,MOUTH_Y,CAMERA,DISTANCE,BIRTH_YEAR,GENDER,BEARD,MUSTACHE,GLASSES
mugshot_frontal_cropped_all/001_frontal.JPG,001,RGB,mugshot,frontal,466,680,765,678,633,837,631,994,,,1973,m,False,False,False
mugshot_frontal_cropped_all/002_frontal.JPG,002,RGB,mugshot,frontal,493,690,764,682,633,844,634,971,,,1982,m,False,False,True
mugshot_frontal_cropped_all/003_frontal.JPG,003,RGB,mugshot,frontal,470,756,750,748,630,900,621,1033,,,1983,m,False,False,False
mugshot_frontal_cropped_all/004_frontal.JPG,004,RGB,mugshot,frontal,464,723,743,728,611,891,609,1036,,,1984,m,True,True,False
mugshot_frontal_cropped_all/005_frontal.JPG,005,RGB,mugshot,frontal,519,764,810,749,705,973,712,1110,,,1983,m,False,False,False
mugshot_frontal_cropped_all/006_frontal.JPG,006,RGB,mugshot,frontal,495,698,811,695,665,918,653,1053,,,1982,m,False,False,False
mugshot_frontal_cropped_all/007_frontal.JPG,007,RGB,mugshot,frontal,471,712,776,700,660,900,656,1021,,,1984,f,False,False,False
mugshot_frontal_cropped_all/008_frontal.JPG,008,RGB,mugshot,frontal,451,717,766,719,624,945,617,1068,,,1985,m,False,False,False
mugshot_frontal_cropped_all/009_frontal.JPG,009,RGB,mugshot,frontal,436,742,741,730,559,942,576,1101,,,1984,m,False,False,False
mugshot_frontal_cropped_all/010_frontal.JPG,010,RGB,mugshot,frontal,443,736,768,722,618,910,637,1092,,,1982,m,False,False,False
mugshot_frontal_cropped_all/011_frontal.JPG,011,RGB,mugshot,frontal,420,701,736,689,582,921,599,1053,,,1984,m,True,True,False
mugshot_frontal_cropped_all/012_frontal.JPG,012,RGB,mugshot,frontal,474,694,760,686,627,879,621,1007,,,1983,m,False,False,False
mugshot_frontal_cropped_all/013_frontal.JPG,013,RGB,mugshot,frontal,355,719,652,723,501,921,510,1044,,,1984,m,False,False,False
mugshot_frontal_cropped_all/014_frontal.JPG,014,RGB,mugshot,frontal,402,748,723,731,549,903,553,1042,,,1985,f,False,False,False
mugshot_frontal_cropped_all/015_frontal.JPG,015,RGB,mugshot,frontal,460,658,741,662,612,817,609,978,,,1980,m,False,False,False
mugshot_frontal_cropped_all/016_frontal.JPG,016,RGB,mugshot,frontal,485,768,765,759,657,936,621,1068,,,1985,m,False,False,False
mugshot_frontal_cropped_all/017_frontal.JPG,017,RGB,mugshot,frontal,498,674,781,687,660,879,632,1013,,,1984,m,False,False,False
mugshot_frontal_cropped_all/018_frontal.JPG,018,RGB,mugshot,frontal,438,661,755,661,576,843,603,1001,,,1984,m,False,False,False
mugshot_frontal_cropped_all/019_frontal.JPG,019,RGB,mugshot,frontal,450,734,738,714,590,859,612,1025,,,1982,m,False,False,True
mugshot_frontal_cropped_all/020_frontal.JPG,020,RGB,mugshot,frontal,446,640,729,655,608,819,587,967,,,1985,m,True,True,False
mugshot_frontal_cropped_all/021_frontal.JPG,021,RGB,mugshot,frontal,538,648,835,686,734,773,696,961,,,1985,m,False,False,False
mugshot_frontal_cropped_all/022_frontal.JPG,022,RGB,mugshot,frontal,498,591,785,596,689,735,666,891,,,1984,m,False,False,False
mugshot_frontal_cropped_all/023_frontal.JPG,023,RGB,mugshot,frontal,484,660,780,636,673,801,664,982,,,1982,m,True,False,False
mugshot_frontal_cropped_all/024_frontal.JPG,024,RGB,mugshot,frontal,499,653,786,679,655,794,643,946,,,1984,m,False,False,False
mugshot_frontal_cropped_all/025_frontal.JPG,025,RGB,mugshot,frontal,448,672,740,674,603,800,606,964,,,1984,m,True,True,True
mugshot_frontal_cropped_all/026_frontal.JPG,026,RGB,mugshot,frontal,474,636,772,638,634,787,649,952,,,1982,m,False,False,False
mugshot_frontal_cropped_all/027_frontal.JPG,027,RGB,mugshot,frontal,453,717,737,704,612,888,623,1017,,,1984,m,True,False,False
mugshot_frontal_cropped_all/028_frontal.JPG,028,RGB,mugshot,frontal,483,555,748,541,630,681,633,801,,,1982,f,False,False,False
mugshot_frontal_cropped_all/029_frontal.JPG,029,RGB,mugshot,frontal,434,696,722,682,566,820,583,974,,,1983,f,False,False,False
mugshot_frontal_cropped_all/030_frontal.JPG,030,RGB,mugshot,frontal,419,722,762,709,566,862,586,1079,,,1984,m,False,False,False
mugshot_frontal_cropped_all/031_frontal.JPG,031,RGB,mugshot,frontal,431,664,746,641,583,798,603,957,,,1984,f,False,False,False
mugshot_frontal_cropped_all/032_frontal.JPG,032,RGB,mugshot,frontal,448,651,787,640,643,869,637,1053,,,1983,m,True,True,False
mugshot_frontal_cropped_all/033_frontal.JPG,033,RGB,mugshot,frontal,512,604,842,629,733,800,697,989,,,1984,m,False,False,False
mugshot_frontal_cropped_all/034_frontal.JPG,034,RGB,mugshot,frontal,445,551,774,570,617,726,605,906,,,1978,m,False,False,False
mugshot_frontal_cropped_all/035_frontal.JPG,035,RGB,mugshot,frontal,509,585,811,625,666,759,655,913,,,1984,m,True,False,False
mugshot_frontal_cropped_all/036_frontal.JPG,036,RGB,mugshot,frontal,453,635,759,623,617,757,617,932,,,1983,m,True,False,False
mugshot_frontal_cropped_all/037_frontal.JPG,037,RGB,mugshot,frontal,435,755,779,732,624,972,627,1123,,,1985,m,True,False,False
mugshot_frontal_cropped_all/038_frontal.JPG,038,RGB,mugshot,frontal,473,650,774,634,645,823,649,972,,,1984,m,True,False,False
mugshot_frontal_cropped_all/039_frontal.JPG,039,RGB,mugshot,frontal,451,673,763,680,618,844,609,979,,,1972,f,False,False,False
mugshot_frontal_cropped_all/040_frontal.JPG,040,RGB,mugshot,frontal,474,705,777,753,612,939,583,1060,,,1983,m,False,False,False
mugshot_frontal_cropped_all/041_frontal.JPG,041,RGB,mugshot,frontal,428,772,751,771,577,984,581,1179,,,1982,m,False,False,False
mugshot_frontal_cropped_all/042_frontal.JPG,042,RGB,mugshot,frontal,417,730,779,748,614,952,599,1124,,,1984,m,False,False,False
mugshot_frontal_cropped_all/043_frontal.JPG,043,RGB,mugshot,frontal,438,662,770,657,614,832,613,995,,,1984,m,False,False,False
surveillance_cameras_distance_1/cam_1/001_cam1_1.jpg,001,RGB,surveillance,frontal,38,48,50,48,45,58,45,66,1,far,1973,m,False,False,False
surveillance_cameras_distance_1/cam_1/002_cam1_1.jpg,002,RGB,surveillance,frontal,36,45,48,45,40,54,40,60,1,far,1982,m,False,False,True
surveillance_cameras_distance_1/cam_1/003_cam1_1.jpg,003,RGB,surveillance,frontal,26,40,36,40,31,47,31,52,1,far,1983,m,False,False,False
surveillance_cameras_distance_1/cam_1/004_cam1_1.jpg,004,RGB,surveillance,frontal,36,53,46,53,41,63,42,68,1,far,1984,m,True,True,False
surveillance_cameras_distance_1/cam_1/005_cam1_1.jpg,005,RGB,surveillance,frontal,29,41,41,40,35,52,35,57,1,far,1983,m,False,False,False
surveillance_cameras_distance_1/cam_1/006_cam1_1.jpg,006,RGB,surveillance,frontal,39,47,54,46,49,56,48,62,1,far,1982,m,False,False,False
surveillance_cameras_distance_1/cam_1/007_cam1_1.jpg,007,RGB,surveillance,frontal,34,46,45,46,40,56,40,62,1,far,1984,f,False,False,False
surveillance_cameras_distance_1/cam_1/008_cam1_1.jpg,008,RGB,surveillance,frontal,22,44,35,43,30,55,30,63,1,far,1985,m,False,False,False
surveillance_cameras_distance_1/cam_1/009_cam1_1.jpg,009,RGB,surveillance,frontal,37,42,52,42,44,54,44,62,1,far,1984,m,False,False,False
surveillance_cameras_distance_1/cam_1/010_cam1_1.jpg,010,RGB,surveillance,frontal,22,48,36,48,30,57,30,64,1,far,1982,m,False,False,False
surveillance_cameras_distance_1/cam_1/011_cam1_1.jpg,011,RGB,surveillance,frontal,36,41,48,41,42,51,42,57,1,far,1984,m,True,True,False
surveillance_cameras_distance_1/cam_1/012_cam1_1.jpg,012,RGB,surveillance,frontal,28,38,41,38,35,48,35,54,1,far,1983,m,False,False,False
surveillance_cameras_distance_1/cam_1/013_cam1_1.jpg,013,RGB,surveillance,frontal,32,53,45,53,39,61,39,69,1,far,1984,m,False,False,False
surveillance_cameras_distance_1/cam_1/014_cam1_1.jpg,014,RGB,surveillance,frontal,28,49,38,49,33,55,33,61,1,far,1985,f,False,False,False
surveillance_cameras_distance_1/cam_1/015_cam1_1.jpg,015,RGB,surveillance,frontal,31,43,42,43,37,54,37,59,1,far,1980,m,False,False,False
surveillance_cameras_distance_1/cam_1/016_cam1_1.jpg,016,RGB,surveillance,frontal,22,55,35,54,29,66,30,71,1,far,1985,m,False,False,False
surveillance_cameras_distance_1/cam_1/017_cam1_1.jpg,017,RGB,surveillance,frontal,36,48,49,48,43,58,42,64,1,far,1984,m,False,False,False
surveillance_cameras_distance_1/cam_1/018_cam1_1.jpg,018,RGB,surveillance,frontal,27,49,40,48,33,58,34,65,1,far,1984,m,False,False,False
surveillance_cameras_distance_1/cam_1/019_cam1_1.jpg,019,RGB,surveillance,frontal,34,42,46,40,40,50,41,58,1,far,1982,m,False,False,True
surveillance_cameras_distance_1/cam_1/020_cam1_1.jpg,020,RGB,surveillance,frontal,34,39,46,39,41,48,40,54,1,far,1985,m,True,True,False
surveillance_cameras_distance_1/cam_1/021_cam1_1.jpg,021,RGB,surveillance,frontal,22,36,36,36,30,44,30,51,1,far,1985,m,False,False,False
surveillance_cameras_distance_1/cam_1/022_cam1_1.jpg,022,RGB,surveillance,frontal,30,36,43,35,38,44,37,50,1,far,1984,m,False,False,False
surveillance_cameras_distance_1/cam_1/023_cam1_1.jpg,023,RGB,surveillance,frontal,29,38,42,38,37,47,37,56,1,far,1982,m,True,False,False
surveillance_cameras_distance_1/cam_1/024_cam1_1.jpg,024,RGB,surveillance,frontal,25,41,39,40,33,51,33,58,1,far,1984,m,False,False,False
surveillance_cameras_distance_1/cam_1/025_cam1_1.jpg,025,RGB,surveillance,frontal,27,41,40,41,34,49,34,56,1,far,1984,m,True,True,True
surveillance_cameras_distance_1/cam_1/026_cam1_1.jpg,026,RGB,surveillance,frontal,29,39,40,38,35,47,35,52,1,far,1982,m,False,False,False
surveillance_cameras_distance_1/cam_1/027_cam1_1.jpg,027,RGB,surveillance,frontal,35,41,50,41,43,52,43,58,1,far,1984,m,True,False,False
surveillance_cameras_distance_1/cam_1/028_cam1_1.jpg,028,RGB,surveillance,frontal,28,45,39,44,34,54,34,59,1,far,1982,f,False,False,False
surveillance_cameras_distance_1/cam_1/029_cam1_1.jpg,029,RGB,surveillance,frontal,28,41,39,40,34,48,34,54,1,far,1983,f,False,False,False
surveillance_cameras_distance_1/cam_1/030_cam1_1.jpg,030,RGB,surveillance,frontal,33,40,45,40,39,49,39,56,1,far,1984,m,False,False,False
surveillance_cameras_distance_1/cam_1/031_cam1_1.jpg,031,RGB,surveillance,frontal,37,35,48,35,44,42,44,48,1,far,1984,f,False,False,False
surveillance_cameras_distance_1/cam_1/032_cam1_1.jpg,032,RGB,surveillance,frontal,30,49,43,47,37,58,37,66,1,far,1983,m,True,True,False
surveillance_cameras_distance_1/cam_1/033_cam1_1.jpg,033,RGB,surveillance,frontal,28,40,41,42,36,52,36,58,1,far,1984,m,False,False,False
surveillance_cameras_distance_1/cam_1/034_cam1_1.jpg,034,RGB,surveillance,frontal,33,41,47,41,40,51,40,58,1,far,1978,m,False,False,False
surveillance_cameras_distance_1/cam_1/035_cam1_1.jpg,035,RGB,surveillance,frontal,27,44,39,43,33,52,34,57,1,far,1984,m,True,False,False
surveillance_cameras_distance_1/cam_1/036_cam1_1.jpg,036,RGB,surveillance,frontal,35,38,46,38,41,46,40,51,1,far,1983,m,True,False,False
surveillance_cameras_distance_1/cam_1/037_cam1_1.jpg,037,RGB,surveillance,frontal,36,45,47,46,42,56,42,63,1,far,1985,m,True,False,False
surveillance_cameras_distance_1/cam_1/038_cam1_1.jpg,038,RGB,surveillance,frontal,24,43,36,41,31,52,34,58,1,far,1984,m,True,False,False
surveillance_cameras_distance_1/cam_1/039_cam1_1.jpg,039,RGB,surveillance,frontal,34,44,45,43,40,52,40,58,1,far,1972,f,False,False,False
surveillance_cameras_distance_1/cam_1/040_cam1_1.jpg,040,RGB,surveillance,frontal,28,38,40,38,34,49,34,55,1,far,1983,m,False,False,False
surveillance_cameras_distance_1/cam_1/041_cam1_1.jpg,041,RGB,surveillance,frontal,27,41,39,41,33,50,33,58,1,far,1982,m,False,False,False
surveillance_cameras_distance_1/cam_1/042_cam1_1.jpg,042,RGB,surveillance,frontal,39,39,51,39,45,48,45,56,1,far,1984,m,False,False,False
surveillance_cameras_distance_1/cam_1/043_cam1_1.jpg,043,RGB,surveillance,frontal,35,53,47,49,41,60,42,68,1,far,1984,m,False,False,False
surveillance_cameras_distance_1/cam_2/001_cam2_1.jpg,001,RGB,surveillance,frontal,33,44,45,44,40,50,40,57,2,far,1973,m,False,False,False
surveillance_cameras_distance_1/cam_2/002_cam2_1.jpg,002,RGB,surveillance,frontal,25,40,35,40,30,47,30,53,2,far,1982,m,False,False,True
surveillance_cameras_distance_1/cam_2/003_cam2_1.jpg,003,RGB,surveillance,frontal,37,45,47,46,42,52,42,57,2,far,1983,m,False,False,False
surveillance_cameras_distance_1/cam_2/004_cam2_1.jpg,004,RGB,surveillance,frontal,26,44,35,44,31,50,31,55,2,far,1984,m,True,True,False
surveillance_cameras_distance_1/cam_2/005_cam2_1.jpg,005,RGB,surveillance,frontal,24,48,34,47,29,55,31,60,2,far,1983,m,False,False,False
surveillance_cameras_distance_1/cam_2/006_cam2_1.jpg,006,RGB,surveillance,frontal,33,42,44,41,41,49,41,55,2,far,1982,m,False,False,False
surveillance_cameras_distance_1/cam_2/007_cam2_1.jpg,007,RGB,surveillance,frontal,28,51,37,51,33,59,34,64,2,far,1984,f,False,False,False
surveillance_cameras_distance_1/cam_2/008_cam2_1.jpg,008,RGB,surveillance,frontal,31,29,41,29,37,38,37,44,2,far,1985,m,False,False,False
surveillance_cameras_distance_1/cam_2/009_cam2_1.jpg,009,RGB,surveillance,frontal,38,47,49,46,43,53,44,59,2,far,1984,m,False,False,False
surveillance_cameras_distance_1/cam_2/010_cam2_1.jpg,010,RGB,surveillance,frontal,31,42,44,42,38,49,38,55,2,far,1982,m,False,False,False
surveillance_cameras_distance_1/cam_2/011_cam2_1.jpg,011,RGB,surveillance,frontal,29,37,39,37,34,45,34,50,2,far,1984,m,True,True,False
surveillance_cameras_distance_1/cam_2/012_cam2_1.jpg,012,RGB,surveillance,frontal,24,48,35,48,29,55,29,61,2,far,1983,m,False,False,False
surveillance_cameras_distance_1/cam_2/013_cam2_1.jpg,013,RGB,surveillance,frontal,28,44,38,44,34,50,34,56,2,far,1984,m,False,False,False
surveillance_cameras_distance_1/cam_2/014_cam2_1.jpg,014,RGB,surveillance,frontal,27,41,37,38,34,45,34,50,2,far,1985,f,False,False,False
surveillance_cameras_distance_1/cam_2/015_cam2_1.jpg,015,RGB,surveillance,frontal,24,38,34,39,30,46,30,54,2,far,1980,m,False,False,False
surveillance_cameras_distance_1/cam_2/016_cam2_1.jpg,016,RGB,surveillance,frontal,31,47,42,45,38,55,39,59,2,far,1985,m,False,False,False
surveillance_cameras_distance_1/cam_2/017_cam2_1.jpg,017,RGB,surveillance,frontal,33,44,43,44,38,51,38,56,2,far,1984,m,False,False,False
surveillance_cameras_distance_1/cam_2/018_cam2_1.jpg,018,RGB,surveillance,frontal,38,47,49,46,44,55,45,60,2,far,1984,m,False,False,False
surveillance_cameras_distance_1/cam_2/019_cam2_1.jpg,019,RGB,surveillance,frontal,23,53,34,51,29,58,30,65,2,far,1982,m,False,False,True
surveillance_cameras_distance_1/cam_2/020_cam2_1.jpg,020,RGB,surveillance,frontal,27,48,37,48,33,55,32,60,2,far,1985,m,True,True,False
surveillance_cameras_distance_1/cam_2/021_cam2_1.jpg,021,RGB,surveillance,frontal,34,33,45,31,40,39,41,46,2,far,1985,m,False,False,False
surveillance_cameras_distance_1/cam_2/022_cam2_1.jpg,022,RGB,surveillance,frontal,25,33,34,32,30,38,30,44,2,far,1984,m,False,False,False
surveillance_cameras_distance_1/cam_2/023_cam2_1.jpg,023,RGB,surveillance,frontal,31,36,42,34,37,42,38,49,2,far,1982,m,True,False,False
surveillance_cameras_distance_1/cam_2/024_cam2_1.jpg,024,RGB,surveillance,frontal,23,53,34,51,29,60,30,66,2,far,1984,m,False,False,False
surveillance_cameras_distance_1/cam_2/025_cam2_1.jpg,025,RGB,surveillance,frontal,35,50,44,50,40,57,40,63,2,far,1984,m,True,True,True
surveillance_cameras_distance_1/cam_2/026_cam2_1.jpg,026,RGB,surveillance,frontal,37,38,48,37,43,44,44,49,2,far,1982,m,False,False,False
surveillance_cameras_distance_1/cam_2/027_cam2_1.jpg,027,RGB,surveillance,frontal,30,51,41,51,36,59,37,65,2,far,1984,m,True,False,False
surveillance_cameras_distance_1/cam_2/028_cam2_1.jpg,028,RGB,surveillance,frontal,25,52,34,52,30,59,30,64,2,far,1982,f,False,False,False
surveillance_cameras_distance_1/cam_2/029_cam2_1.jpg,029,RGB,surveillance,frontal,39,46,49,46,44,52,44,56,2,far,1983,f,False,False,False
surveillance_cameras_distance_1/cam_2/030_cam2_1.jpg,030,RGB,surveillance,frontal,35,51,45,51,40,58,40,65,2,far,1984,m,False,False,False
surveillance_cameras_distance_1/cam_2/031_cam2_1.jpg,031,RGB,surveillance,frontal,30,43,40,43,36,47,36,54,2,far,1984,f,False,False,False
surveillance_cameras_distance_1/cam_2/032_cam2_1.jpg,032,RGB,surveillance,frontal,23,44,33,42,29,51,30,57,2,far,1983,m,True,True,False
surveillance_cameras_distance_1/cam_2/033_cam2_1.jpg,033,RGB,surveillance,frontal,34,36,44,36,40,44,40,50,2,far,1984,m,False,False,False
surveillance_cameras_distance_1/cam_2/034_cam2_1.jpg,034,RGB,surveillance,frontal,33,34,44,34,40,42,40,49,2,far,1978,m,False,False,False
surveillance_cameras_distance_1/cam_2/035_cam2_1.jpg,035,RGB,surveillance,frontal,27,37,37,36,32,42,33,48,2,far,1984,m,True,False,False
surveillance_cameras_distance_1/cam_2/036_cam2_1.jpg,036,RGB,surveillance,frontal,26,35,37,35,32,40,32,47,2,far,1983,m,True,False,False
surveillance_cameras_distance_1/cam_2/037_cam2_1.jpg,037,RGB,surveillance,frontal,27,39,38,39,33,47,33,52,2,far,1985,m,True,False,False
surveillance_cameras_distance_1/cam_2/038_cam2_1.jpg,038,RGB,surveillance,frontal,26,52,36,49,32,59,34,64,2,far,1984,m,True,False,False
surveillance_cameras_distance_1/cam_2/039_cam2_1.jpg,039,RGB,surveillance,frontal,24,48,35,47,30,54,30,59,2,far,1972,f,False,False,False
surveillance_cameras_distance_1/cam_2/040_cam2_1.jpg,040,RGB,surveillance,frontal,38,48,48,48,44,57,44,62,2,far,1983,m,False,False,False
surveillance_cameras_distance_1/cam_2/041_cam2_1.jpg,041,RGB,surveillance,frontal,32,36,42,36,37,42,37,49,2,far,1982,m,False,False,False
surveillance_cameras_distance_1/cam_2/042_cam2_1.jpg,042,RGB,surveillance,frontal,29,47,39,47,34,54,34,60,2,far,1984,m,False,False,False
surveillance_cameras_distance_1/cam_2/043_cam2_1.jpg,043,RGB,surveillance,frontal,28,45,38,42,33,50,35,57,2,far,1984,m,False,False,False
surveillance_cameras_distance_1/cam_3/001_cam3_1.jpg,001,RGB,surveillance,frontal,29,33,39,33,35,39,35,46,3,far,1973,m,False,False,False
surveillance_cameras_distance_1/cam_3/002_cam3_1.jpg,002,RGB,surveillance,frontal,37,30,47,30,43,36,42,42,3,far,1982,m,False,False,True
surveillance_cameras_distance_1/cam_3/003_cam3_1.jpg,003,RGB,surveillance,frontal,32,35,41,34,37,41,37,46,3,far,1983,m,False,False,False
surveillance_cameras_distance_1/cam_3/004_cam3_1.jpg,004,RGB,surveillance,frontal,35,32,44,31,40,38,40,44,3,far,1984,m,True,True,False
surveillance_cameras_distance_1/cam_3/005_cam3_1.jpg,005,RGB,surveillance,frontal,36,36,45,34,41,42,41,47,3,far,1983,m,False,False,False
surveillance_cameras_distance_1/cam_3/006_cam3_1.jpg,006,RGB,surveillance,frontal,28,48,38,47,35,54,34,59,3,far,1982,m,False,False,False
surveillance_cameras_distance_1/cam_3/007_cam3_1.jpg,007,RGB,surveillance,frontal,37,37,45,37,42,44,42,48,3,far,1984,f,False,False,False
surveillance_cameras_distance_1/cam_3/008_cam3_1.jpg,008,RGB,surveillance,frontal,25,38,36,37,31,44,30,50,3,far,1985,m,False,False,False
surveillance_cameras_distance_1/cam_3/009_cam3_1.jpg,009,RGB,surveillance,frontal,35,38,45,37,41,44,41,49,3,far,1984,m,False,False,False
surveillance_cameras_distance_1/cam_3/010_cam3_1.jpg,010,RGB,surveillance,frontal,26,48,36,47,31,54,31,60,3,far,1982,m,False,False,False
surveillance_cameras_distance_1/cam_3/011_cam3_1.jpg,011,RGB,surveillance,frontal,23,44,32,44,29,50,28,56,3,far,1984,m,True,True,False
surveillance_cameras_distance_1/cam_3/012_cam3_1.jpg,012,RGB,surveillance,frontal,36,37,46,37,42,42,42,48,3,far,1983,m,False,False,False
surveillance_cameras_distance_1/cam_3/013_cam3_1.jpg,013,RGB,surveillance,frontal,23,47,32,46,29,54,28,59,3,far,1984,m,False,False,False
surveillance_cameras_distance_1/cam_3/014_cam3_1.jpg,014,RGB,surveillance,frontal,38,45,48,45,44,50,44,55,3,far,1985,f,False,False,False
surveillance_cameras_distance_1/cam_3/015_cam3_1.jpg,015,RGB,surveillance,frontal,35,44,45,43,41,50,40,56,3,far,1980,m,False,False,False
surveillance_cameras_distance_1/cam_3/016_cam3_1.jpg,016,RGB,surveillance,frontal,39,48,48,46,45,54,45,60,3,far,1985,m,False,False,False
surveillance_cameras_distance_1/cam_3/017_cam3_1.jpg,017,RGB,surveillance,frontal,29,49,38,49,34,55,33,61,3,far,1984,m,False,False,False
surveillance_cameras_distance_1/cam_3/018_cam3_1.jpg,018,RGB,surveillance,frontal,32,37,42,36,38,43,38,48,3,far,1984,m,False,False,False
surveillance_cameras_distance_1/cam_3/019_cam3_1.jpg,019,RGB,surveillance,frontal,33,43,43,42,39,48,40,54,3,far,1982,m,False,False,True
surveillance_cameras_distance_1/cam_3/020_cam3_1.jpg,020,RGB,surveillance,frontal,38,37,46,37,43,44,42,49,3,far,1985,m,True,True,False
surveillance_cameras_distance_1/cam_3/021_cam3_1.jpg,021,RGB,surveillance,frontal,31,39,41,38,36,44,37,50,3,far,1985,m,False,False,False
surveillance_cameras_distance_1/cam_3/022_cam3_1.jpg,022,RGB,surveillance,frontal,37,39,45,39,42,46,42,50,3,far,1984,m,False,False,False
surveillance_cameras_distance_1/cam_3/023_cam3_1.jpg,023,RGB,surveillance,frontal,26,42,35,40,32,48,32,54,3,far,1982,m,True,False,False
surveillance_cameras_distance_1/cam_3/024_cam3_1.jpg,024,RGB,surveillance,frontal,35,56,46,54,43,62,42,67,3,far,1984,m,False,False,False
surveillance_cameras_distance_1/cam_3/025_cam3_1.jpg,025,RGB,surveillance,frontal,28,38,37,37,33,44,32,49,3,far,1984,m,True,True,True
surveillance_cameras_distance_1/cam_3/026_cam3_1.jpg,026,RGB,surveillance,frontal,34,44,44,44,40,50,40,56,3,far,1982,m,False,False,False
surveillance_cameras_distance_1/cam_3/027_cam3_1.jpg,027,RGB,surveillance,frontal,25,38,35,38,30,44,31,50,3,far,1984,m,True,False,False
surveillance_cameras_distance_1/cam_3/028_cam3_1.jpg,028,RGB,surveillance,frontal,37,38,46,38,42,43,42,49,3,far,1982,f,False,False,False
surveillance_cameras_distance_1/cam_3/029_cam3_1.jpg,029,RGB,surveillance,frontal,34,32,43,32,39,37,39,43,3,far,1983,f,False,False,False
surveillance_cameras_distance_1/cam_3/030_cam3_1.jpg,030,RGB,surveillance,frontal,27,45,37,45,31,52,32,58,3,far,1984,m,False,False,False
surveillance_cameras_distance_1/cam_3/031_cam3_1.jpg,031,RGB,surveillance,frontal,42,47,49,47,47,52,46,58,3,far,1984,f,False,False,False
surveillance_cameras_distance_1/cam_3/032_cam3_1.jpg,032,RGB,surveillance,frontal,34,49,43,47,40,56,40,61,3,far,1983,m,True,True,False
surveillance_cameras_distance_1/cam_3/033_cam3_1.jpg,033,RGB,surveillance,frontal,42,41,51,41,48,48,47,54,3,far,1984,m,False,False,False
surveillance_cameras_distance_1/cam_3/034_cam3_1.jpg,034,RGB,surveillance,frontal,32,40,43,40,38,48,37,54,3,far,1978,m,False,False,False
surveillance_cameras_distance_1/cam_3/035_cam3_1.jpg,035,RGB,surveillance,frontal,27,42,36,41,31,48,31,54,3,far,1984,m,True,False,False
surveillance_cameras_distance_1/cam_3/036_cam3_1.jpg,036,RGB,surveillance,frontal,38,41,47,41,43,46,42,51,3,far,1983,m,True,False,False
surveillance_cameras_distance_1/cam_3/037_cam3_1.jpg,037,RGB,surveillance,frontal,26,54,36,55,31,62,31,68,3,far,1985,m,True,False,False
surveillance_cameras_distance_1/cam_3/038_cam3_1.jpg,038,RGB,surveillance,frontal,35,51,46,48,42,57,43,62,3,far,1984,m,True,False,False
surveillance_cameras_distance_1/cam_3/039_cam3_1.jpg,039,RGB,surveillance,frontal,35,48,44,47,40,54,40,59,3,far,1972,f,False,False,False
surveillance_cameras_distance_1/cam_3/040_cam3_1.jpg,040,RGB,surveillance,frontal,36,52,45,52,41,60,41,64,3,far,1983,m,False,False,False
surveillance_cameras_distance_1/cam_3/041_cam3_1.jpg,041,RGB,surveillance,frontal,26,42,36,42,31,48,31,54,3,far,1982,m,False,False,False
surveillance_cameras_distance_1/cam_3/042_cam3_1.jpg,042,RGB,surveillance,frontal,40,52,49,52,45,58,44,63,3,far,1984,m,False,False,False
surveillance_cameras_distance_1/cam_3/043_cam3_1.jpg,043,RGB,surveillance,frontal,37,47,47,45,42,52,43,58,3,far,1984,m,False,False,False
surveillance_cameras_distance_1/cam_4/001_cam4_1.jpg,001,RGB,surveillance,frontal,33,44,43,44,39,51,39,57,4,far,1973,m,False,False,False
surveillance_cameras_distance_1/cam_4/002_cam4_1.jpg,002,RGB,surveillance,frontal,25,44,35,44,30,50,30,56,4,far,1982,m,False,False,True
surveillance_cameras_distance_1/cam_4/003_cam4_1.jpg,003,RGB,surveillance,frontal,35,47,46,47,41,54,41,58,4,far,1983,m,False,False,False
surveillance_cameras_distance_1/cam_4/004_cam4_1.jpg,004,RGB,surveillance,frontal,23,44,31,44,28,50,28,55,4,far,1984,m,True,True,False
surveillance_cameras_distance_1/cam_4/005_cam4_1.jpg,005,RGB,surveillance,frontal,25,47,34,46,29,54,30,59,4,far,1983,m,False,False,False
surveillance_cameras_distance_1/cam_4/006_cam4_1.jpg,006,RGB,surveillance,frontal,31,44,41,43,37,50,38,55,4,far,1982,m,False,False,False
surveillance_cameras_distance_1/cam_4/007_cam4_1.jpg,007,RGB,surveillance,frontal,25,49,33,49,29,56,29,60,4,far,1984,f,False,False,False
surveillance_cameras_distance_1/cam_4/008_cam4_1.jpg,008,RGB,surveillance,frontal,26,35,34,36,30,41,30,48,4,far,1985,m,False,False,False
surveillance_cameras_distance_1/cam_4/009_cam4_1.jpg,009,RGB,surveillance,frontal,24,34,33,34,29,40,29,45,4,far,1984,m,False,False,False
surveillance_cameras_distance_1/cam_4/010_cam4_1.jpg,010,RGB,surveillance,frontal,30,43,40,42,36,50,37,55,4,far,1982,m,False,False,False
surveillance_cameras_distance_1/cam_4/011_cam4_1.jpg,011,RGB,surveillance,frontal,27,39,37,39,32,46,32,52,4,far,1984,m,True,True,False
surveillance_cameras_distance_1/cam_4/012_cam4_1.jpg,012,RGB,surveillance,frontal,25,33,35,32,30,40,30,45,4,far,1983,m,False,False,False
surveillance_cameras_distance_1/cam_4/013_cam4_1.jpg,013,RGB,surveillance,frontal,27,44,36,44,31,50,32,56,4,far,1984,m,False,False,False
surveillance_cameras_distance_1/cam_4/014_cam4_1.jpg,014,RGB,surveillance,frontal,26,41,34,41,30,46,30,50,4,far,1985,f,False,False,False
surveillance_cameras_distance_1/cam_4/015_cam4_1.jpg,015,RGB,surveillance,frontal,38,39,48,38,44,46,44,51,4,far,1980,m,False,False,False
surveillance_cameras_distance_1/cam_4/016_cam4_1.jpg,016,RGB,surveillance,frontal,23,43,33,42,29,50,31,54,4,far,1985,m,False,False,False
surveillance_cameras_distance_1/cam_4/017_cam4_1.jpg,017,RGB,surveillance,frontal,33,45,42,44,38,52,38,57,4,far,1984,m,False,False,False
surveillance_cameras_distance_1/cam_4/018_cam4_1.jpg,018,RGB,surveillance,frontal,34,50,44,49,39,56,40,61,4,far,1984,m,False,False,False
surveillance_cameras_distance_1/cam_4/019_cam4_1.jpg,019,RGB,surveillance,frontal,38,39,48,37,43,44,45,50,4,far,1982,m,False,False,True
surveillance_cameras_distance_1/cam_4/020_cam4_1.jpg,020,RGB,surveillance,frontal,36,44,46,44,42,52,42,57,4,far,1985,m,True,True,False
surveillance_cameras_distance_1/cam_4/021_cam4_1.jpg,021,RGB,surveillance,frontal,35,36,44,34,40,41,41,45,4,far,1985,m,False,False,False
surveillance_cameras_distance_1/cam_4/022_cam4_1.jpg,022,RGB,surveillance,frontal,24,37,35,36,29,42,30,47,4,far,1984,m,False,False,False
surveillance_cameras_distance_1/cam_4/023_cam4_1.jpg,023,RGB,surveillance,frontal,32,37,42,35,38,44,38,50,4,far,1982,m,True,False,False
surveillance_cameras_distance_1/cam_4/024_cam4_1.jpg,024,RGB,surveillance,frontal,24,54,34,53,30,60,29,66,4,far,1984,m,False,False,False
surveillance_cameras_distance_1/cam_4/025_cam4_1.jpg,025,RGB,surveillance,frontal,30,33,39,33,35,40,35,46,4,far,1984,m,True,True,True
surveillance_cameras_distance_1/cam_4/026_cam4_1.jpg,026,RGB,surveillance,frontal,39,41,47,41,45,47,44,52,4,far,1982,m,False,False,False
surveillance_cameras_distance_1/cam_4/027_cam4_1.jpg,027,RGB,surveillance,frontal,28,49,39,49,34,56,34,63,4,far,1984,m,True,False,False
surveillance_cameras_distance_1/cam_4/028_cam4_1.jpg,028,RGB,surveillance,frontal,26,51,34,50,31,57,31,61,4,far,1982,f,False,False,False
surveillance_cameras_distance_1/cam_4/029_cam4_1.jpg,029,RGB,surveillance,frontal,23,46,32,44,28,52,29,56,4,far,1983,f,False,False,False
surveillance_cameras_distance_1/cam_4/030_cam4_1.jpg,030,RGB,surveillance,frontal,27,38,36,38,31,46,32,51,4,far,1984,m,False,False,False
surveillance_cameras_distance_1/cam_4/031_cam4_1.jpg,031,RGB,surveillance,frontal,30,43,39,42,35,49,35,55,4,far,1984,f,False,False,False
surveillance_cameras_distance_1/cam_4/032_cam4_1.jpg,032,RGB,surveillance,frontal,23,44,31,43,28,51,28,57,4,far,1983,m,True,True,False
surveillance_cameras_distance_1/cam_4/033_cam4_1.jpg,033,RGB,surveillance,frontal,28,35,38,36,33,44,33,48,4,far,1984,m,False,False,False
surveillance_cameras_distance_1/cam_4/034_cam4_1.jpg,034,RGB,surveillance,frontal,23,30,33,29,29,36,29,41,4,far,1978,m,False,False,False
surveillance_cameras_distance_1/cam_4/035_cam4_1.jpg,035,RGB,surveillance,frontal,34,39,43,38,38,44,38,50,4,far,1984,m,True,False,False
surveillance_cameras_distance_1/cam_4/036_cam4_1.jpg,036,RGB,surveillance,frontal,25,36,35,36,30,42,30,47,4,far,1983,m,True,False,False
surveillance_cameras_distance_1/cam_4/037_cam4_1.jpg,037,RGB,surveillance,frontal,28,47,39,46,33,56,34,60,4,far,1985,m,True,False,False
surveillance_cameras_distance_1/cam_4/038_cam4_1.jpg,038,RGB,surveillance,frontal,37,47,47,44,43,54,45,59,4,far,1984,m,True,False,False
surveillance_cameras_distance_1/cam_4/039_cam4_1.jpg,039,RGB,surveillance,frontal,23,44,32,43,28,51,28,55,4,far,1972,f,False,False,False
surveillance_cameras_distance_1/cam_4/040_cam4_1.jpg,040,RGB,surveillance,frontal,24,48,33,48,29,56,29,61,4,far,1983,m,False,False,False
surveillance_cameras_distance_1/cam_4/041_cam4_1.jpg,041,RGB,surveillance,frontal,31,36,40,36,36,44,36,50,4,far,1982,m,False,False,False
surveillance_cameras_distance_1/cam_4/042_cam4_1.jpg,042,RGB,surveillance,frontal,30,47,39,47,35,54,34,59,4,far,1984,m,False,False,False
surveillance_cameras_distance_1/cam_4/043_cam4_1.jpg,043,RGB,surveillance,frontal,34,44,44,41,39,49,41,56,4,far,1984,m,False,False,False
surveillance_cameras_distance_1/cam_5/001_cam5_1.jpg,001,RGB,surveillance,frontal,23,38,33,38,29,45,29,50,5,far,1973,m,False,False,False
surveillance_cameras_distance_1/cam_5/002_cam5_1.jpg,002,RGB,surveillance,frontal,25,34,34,35,29,41,29,46,5,far,1982,m,False,False,True
surveillance_cameras_distance_1/cam_5/003_cam5_1.jpg,003,RGB,surveillance,frontal,23,40,33,40,28,47,28,52,5,far,1983,m,False,False,False
surveillance_cameras_distance_1/cam_5/004_cam5_1.jpg,004,RGB,surveillance,frontal,27,38,35,38,31,45,31,50,5,far,1984,m,True,True,False
surveillance_cameras_distance_1/cam_5/005_cam5_1.jpg,005,RGB,surveillance,frontal,27,41,36,40,31,49,32,54,5,far,1983,m,False,False,False
surveillance_cameras_distance_1/cam_5/006_cam5_1.jpg,006,RGB,surveillance,frontal,36,37,45,35,41,45,41,50,5,far,1982,m,False,False,False
surveillance_cameras_distance_1/cam_5/007_cam5_1.jpg,007,RGB,surveillance,frontal,27,43,35,43,31,51,32,55,5,far,1984,f,False,False,False
surveillance_cameras_distance_1/cam_5/008_cam5_1.jpg,008,RGB,surveillance,frontal,29,42,39,42,34,50,34,55,5,far,1985,m,False,False,False
surveillance_cameras_distance_1/cam_5/009_cam5_1.jpg,009,RGB,surveillance,frontal,31,41,40,41,35,47,35,54,5,far,1984,m,False,False,False
surveillance_cameras_distance_1/cam_5/010_cam5_1.jpg,010,RGB,surveillance,frontal,35,37,46,36,41,43,40,49,5,far,1982,m,False,False,False
surveillance_cameras_distance_1/cam_5/011_cam5_1.jpg,011,RGB,surveillance,frontal,32,32,42,32,37,41,37,45,5,far,1984,m,True,True,False
surveillance_cameras_distance_1/cam_5/012_cam5_1.jpg,012,RGB,surveillance,frontal,30,43,40,43,34,51,34,56,5,far,1983,m,False,False,False
surveillance_cameras_distance_1/cam_5/013_cam5_1.jpg,013,RGB,surveillance,frontal,30,37,39,37,34,45,34,50,5,far,1984,m,False,False,False
surveillance_cameras_distance_1/cam_5/014_cam5_1.jpg,014,RGB,surveillance,frontal,28,32,38,32,34,39,34,44,5,far,1985,f,False,False,False
surveillance_cameras_distance_1/cam_5/015_cam5_1.jpg,015,RGB,surveillance,frontal,27,48,36,48,32,55,31,60,5,far,1980,m,False,False,False
surveillance_cameras_distance_1/cam_5/016_cam5_1.jpg,016,RGB,surveillance,frontal,22,38,33,37,28,47,29,51,5,far,1985,m,False,False,False
surveillance_cameras_distance_1/cam_5/017_cam5_1.jpg,017,RGB,surveillance,frontal,40,38,49,38,44,45,43,50,5,far,1984,m,False,False,False
surveillance_cameras_distance_1/cam_5/018_cam5_1.jpg,018,RGB,surveillance,frontal,36,43,47,43,41,51,42,56,5,far,1984,m,False,False,False
surveillance_cameras_distance_1/cam_5/019_cam5_1.jpg,019,RGB,surveillance,frontal,26,48,36,47,32,54,32,60,5,far,1982,m,False,False,True
surveillance_cameras_distance_1/cam_5/020_cam5_1.jpg,020,RGB,surveillance,frontal,26,40,35,40,30,47,30,53,5,far,1985,m,True,True,False
surveillance_cameras_distance_1/cam_5/021_cam5_1.jpg,021,RGB,surveillance,frontal,24,44,34,43,29,51,30,56,5,far,1985,m,False,False,False
surveillance_cameras_distance_1/cam_5/022_cam5_1.jpg,022,RGB,surveillance,frontal,29,45,38,44,34,51,34,57,5,far,1984,m,False,False,False
surveillance_cameras_distance_1/cam_5/023_cam5_1.jpg,023,RGB,surveillance,frontal,35,34,47,33,42,41,42,47,5,far,1982,m,True,False,False
surveillance_cameras_distance_1/cam_5/024_cam5_1.jpg,024,RGB,surveillance,frontal,26,52,37,52,31,61,32,65,5,far,1984,m,False,False,False
surveillance_cameras_distance_1/cam_5/025_cam5_1.jpg,025,RGB,surveillance,frontal,33,48,42,48,37,55,37,59,5,far,1984,m,True,True,True
surveillance_cameras_distance_1/cam_5/026_cam5_1.jpg,026,RGB,surveillance,frontal,29,36,39,36,34,41,34,46,5,far,1982,m,False,False,False
surveillance_cameras_distance_1/cam_5/027_cam5_1.jpg,027,RGB,surveillance,frontal,32,45,42,45,37,53,37,58,5,far,1984,m,True,False,False
surveillance_cameras_distance_1/cam_5/028_cam5_1.jpg,028,RGB,surveillance,frontal,31,43,39,43,35,49,35,53,5,far,1982,f,False,False,False
surveillance_cameras_distance_1/cam_5/029_cam5_1.jpg,029,RGB,surveillance,frontal,27,42,34,40,30,47,32,51,5,far,1983,f,False,False,False
surveillance_cameras_distance_1/cam_5/030_cam5_1.jpg,030,RGB,surveillance,frontal,27,46,37,47,32,55,31,61,5,far,1984,m,False,False,False
surveillance_cameras_distance_1/cam_5/031_cam5_1.jpg,031,RGB,surveillance,frontal,35,36,44,36,41,41,40,46,5,far,1984,f,False,False,False
surveillance_cameras_distance_1/cam_5/032_cam5_1.jpg,032,RGB,surveillance,frontal,27,38,36,38,31,45,32,52,5,far,1983,m,True,True,False
surveillance_cameras_distance_1/cam_5/033_cam5_1.jpg,033,RGB,surveillance,frontal,32,46,40,46,36,53,36,58,5,far,1984,m,False,False,False
surveillance_cameras_distance_1/cam_5/034_cam5_1.jpg,034,RGB,surveillance,frontal,26,40,35,40,31,47,31,53,5,far,1978,m,False,False,False
surveillance_cameras_distance_1/cam_5/035_cam5_1.jpg,035,RGB,surveillance,frontal,23,49,33,48,28,55,30,61,5,far,1984,m,True,False,False
surveillance_cameras_distance_1/cam_5/036_cam5_1.jpg,036,RGB,surveillance,frontal,31,45,40,45,35,51,36,56,5,far,1983,m,True,False,False
surveillance_cameras_distance_1/cam_5/037_cam5_1.jpg,037,RGB,surveillance,frontal,35,44,44,43,39,51,39,55,5,far,1985,m,True,False,False
surveillance_cameras_distance_1/cam_5/038_cam5_1.jpg,038,RGB,surveillance,frontal,36,47,46,45,42,54,43,60,5,far,1984,m,True,False,False
surveillance_cameras_distance_1/cam_5/039_cam5_1.jpg,039,RGB,surveillance,frontal,26,54,34,54,30,60,30,64,5,far,1972,f,False,False,False
surveillance_cameras_distance_1/cam_5/040_cam5_1.jpg,040,RGB,surveillance,frontal,29,41,38,41,34,49,34,54,5,far,1983,m,False,False,False
surveillance_cameras_distance_1/cam_5/041_cam5_1.jpg,041,RGB,surveillance,frontal,36,47,45,47,40,53,40,59,5,far,1982,m,False,False,False
surveillance_cameras_distance_1/cam_5/042_cam5_1.jpg,042,RGB,surveillance,frontal,36,42,46,42,40,49,40,54,5,far,1984,m,False,False,False
surveillance_cameras_distance_1/cam_5/043_cam5_1.jpg,043,RGB,surveillance,frontal,34,53,44,50,38,59,40,65,5,far,1984,m,False,False,False
surveillance_cameras_distance_2/cam_1/001_cam1_2.jpg,001,RGB,surveillance,frontal,40,68,62,68,52,81,53,93,1,medium,1973,m,False,False,False
surveillance_cameras_distance_2/cam_1/002_cam1_2.jpg,002,RGB,surveillance,frontal,43,50,64,50,53,63,53,73,1,medium,1982,m,False,False,True
surveillance_cameras_distance_2/cam_1/003_cam1_2.jpg,003,RGB,surveillance,frontal,34,69,56,69,47,82,46,93,1,medium,1983,m,False,False,False
surveillance_cameras_distance_2/cam_1/004_cam1_2.jpg,004,RGB,surveillance,frontal,44,65,63,65,55,77,54,88,1,medium,1984,m,True,True,False
surveillance_cameras_distance_2/cam_1/005_cam1_2.jpg,005,RGB,surveillance,frontal,46,84,64,79,53,96,58,103,1,medium,1983,m,False,False,False
surveillance_cameras_distance_2/cam_1/006_cam1_2.jpg,006,RGB,surveillance,frontal,33,58,55,59,44,74,45,83,1,medium,1982,m,False,False,False
surveillance_cameras_distance_2/cam_1/007_cam1_2.jpg,007,RGB,surveillance,frontal,44,65,64,64,56,81,56,86,1,medium,1984,f,False,False,False
surveillance_cameras_distance_2/cam_1/008_cam1_2.jpg,008,RGB,surveillance,frontal,47,59,66,60,57,72,57,82,1,medium,1985,m,False,False,False
surveillance_cameras_distance_2/cam_1/009_cam1_2.jpg,009,RGB,surveillance,frontal,40,76,61,74,49,87,52,100,1,medium,1984,m,False,False,False
surveillance_cameras_distance_2/cam_1/010_cam1_2.jpg,010,RGB,surveillance,frontal,37,75,60,75,48,92,49,105,1,medium,1982,m,False,False,False
surveillance_cameras_distance_2/cam_1/011_cam1_2.jpg,011,RGB,surveillance,frontal,50,65,69,66,59,81,59,90,1,medium,1984,m,True,True,False
surveillance_cameras_distance_2/cam_1/012_cam1_2.jpg,012,RGB,surveillance,frontal,49,57,68,56,58,71,59,80,1,medium,1983,m,False,False,False
surveillance_cameras_distance_2/cam_1/013_cam1_2.jpg,013,RGB,surveillance,frontal,36,57,59,58,46,70,49,82,1,medium,1984,m,False,False,False
surveillance_cameras_distance_2/cam_1/014_cam1_2.jpg,014,RGB,surveillance,frontal,43,65,66,62,55,74,57,84,1,medium,1985,f,False,False,False
surveillance_cameras_distance_2/cam_1/015_cam1_2.jpg,015,RGB,surveillance,frontal,46,75,66,76,56,93,55,103,1,medium,1980,m,False,False,False
surveillance_cameras_distance_2/cam_1/016_cam1_2.jpg,016,RGB,surveillance,frontal,43,74,62,73,55,87,53,96,1,medium,1985,m,False,False,False
surveillance_cameras_distance_2/cam_1/017_cam1_2.jpg,017,RGB,surveillance,frontal,44,72,64,72,56,86,55,94,1,medium,1984,m,False,False,False
surveillance_cameras_distance_2/cam_1/018_cam1_2.jpg,018,RGB,surveillance,frontal,35,66,58,66,45,82,48,92,1,medium,1984,m,False,False,False
surveillance_cameras_distance_2/cam_1/019_cam1_2.jpg,019,RGB,surveillance,frontal,44,76,66,74,55,88,57,100,1,medium,1982,m,False,False,True
surveillance_cameras_distance_2/cam_1/020_cam1_2.jpg,020,RGB,surveillance,frontal,45,61,64,63,55,77,54,86,1,medium,1985,m,True,True,False
surveillance_cameras_distance_2/cam_1/021_cam1_2.jpg,021,RGB,surveillance,frontal,44,68,66,70,57,81,57,92,1,medium,1985,m,False,False,False
surveillance_cameras_distance_2/cam_1/022_cam1_2.jpg,022,RGB,surveillance,frontal,44,59,66,59,56,72,56,83,1,medium,1984,m,False,False,False
surveillance_cameras_distance_2/cam_1/023_cam1_2.jpg,023,RGB,surveillance,frontal,45,61,66,61,55,75,56,89,1,medium,1982,m,True,False,False
surveillance_cameras_distance_2/cam_1/024_cam1_2.jpg,024,RGB,surveillance,frontal,48,61,67,61,58,73,57,85,1,medium,1984,m,False,False,False
surveillance_cameras_distance_2/cam_1/025_cam1_2.jpg,025,RGB,surveillance,frontal,34,74,57,75,47,89,47,101,1,medium,1984,m,True,True,True
surveillance_cameras_distance_2/cam_1/026_cam1_2.jpg,026,RGB,surveillance,frontal,51,62,74,61,61,72,63,84,1,medium,1982,m,False,False,False
surveillance_cameras_distance_2/cam_1/027_cam1_2.jpg,027,RGB,surveillance,frontal,49,72,69,72,59,87,60,97,1,medium,1984,m,True,False,False
surveillance_cameras_distance_2/cam_1/028_cam1_2.jpg,028,RGB,surveillance,frontal,41,71,59,70,51,83,51,91,1,medium,1982,f,False,False,False
surveillance_cameras_distance_2/cam_1/029_cam1_2.jpg,029,RGB,surveillance,frontal,44,63,63,60,52,73,55,82,1,medium,1983,f,False,False,False
surveillance_cameras_distance_2/cam_1/030_cam1_2.jpg,030,RGB,surveillance,frontal,46,61,66,62,55,74,56,85,1,medium,1984,m,False,False,False
surveillance_cameras_distance_2/cam_1/031_cam1_2.jpg,031,RGB,surveillance,frontal,49,71,68,70,57,84,58,93,1,medium,1984,f,False,False,False
surveillance_cameras_distance_2/cam_1/032_cam1_2.jpg,032,RGB,surveillance,frontal,47,73,68,73,58,93,57,102,1,medium,1983,m,True,True,False
surveillance_cameras_distance_2/cam_1/033_cam1_2.jpg,033,RGB,surveillance,frontal,49,64,71,63,61,79,61,91,1,medium,1984,m,False,False,False
surveillance_cameras_distance_2/cam_1/034_cam1_2.jpg,034,RGB,surveillance,frontal,49,74,71,76,59,90,60,103,1,medium,1978,m,False,False,False
surveillance_cameras_distance_2/cam_1/035_cam1_2.jpg,035,RGB,surveillance,frontal,34,81,57,80,44,96,46,108,1,medium,1984,m,True,False,False
surveillance_cameras_distance_2/cam_1/036_cam1_2.jpg,036,RGB,surveillance,frontal,46,66,65,68,56,78,53,90,1,medium,1983,m,True,False,False
surveillance_cameras_distance_2/cam_1/037_cam1_2.jpg,037,RGB,surveillance,frontal,39,76,61,73,50,94,52,103,1,medium,1985,m,True,False,False
surveillance_cameras_distance_2/cam_1/038_cam1_2.jpg,038,RGB,surveillance,frontal,46,85,75,85,59,111,61,122,1,medium,1984,m,True,False,False
surveillance_cameras_distance_2/cam_1/039_cam1_2.jpg,039,RGB,surveillance,frontal,44,64,63,65,54,75,54,85,1,medium,1972,f,False,False,False
surveillance_cameras_distance_2/cam_1/040_cam1_2.jpg,040,RGB,surveillance,frontal,42,73,62,76,52,91,51,99,1,medium,1983,m,False,False,False
surveillance_cameras_distance_2/cam_1/041_cam1_2.jpg,041,RGB,surveillance,frontal,44,60,65,61,54,78,55,93,1,medium,1982,m,False,False,False
surveillance_cameras_distance_2/cam_1/042_cam1_2.jpg,042,RGB,surveillance,frontal,40,57,60,57,50,73,50,82,1,medium,1984,m,False,False,False
surveillance_cameras_distance_2/cam_1/043_cam1_2.jpg,043,RGB,surveillance,frontal,33,60,56,59,44,73,46,85,1,medium,1984,m,False,False,False
surveillance_cameras_distance_2/cam_2/001_cam2_2.jpg,001,RGB,surveillance,frontal,41,65,60,64,53,76,54,85,2,medium,1973,m,False,False,False
surveillance_cameras_distance_2/cam_2/002_cam2_2.jpg,002,RGB,surveillance,frontal,50,54,66,53,59,65,59,73,2,medium,1982,m,False,False,True
surveillance_cameras_distance_2/cam_2/003_cam2_2.jpg,003,RGB,surveillance,frontal,45,69,61,69,54,81,54,88,2,medium,1983,m,False,False,False
surveillance_cameras_distance_2/cam_2/004_cam2_2.jpg,004,RGB,surveillance,frontal,48,74,63,73,57,86,56,94,2,medium,1984,m,True,True,False
surveillance_cameras_distance_2/cam_2/005_cam2_2.jpg,005,RGB,surveillance,frontal,52,68,65,64,58,77,61,84,2,medium,1983,m,False,False,False
surveillance_cameras_distance_2/cam_2/006_cam2_2.jpg,006,RGB,surveillance,frontal,56,74,72,74,64,89,64,96,2,medium,1982,m,False,False,False
surveillance_cameras_distance_2/cam_2/007_cam2_2.jpg,007,RGB,surveillance,frontal,51,61,66,61,59,75,60,79,2,medium,1984,f,False,False,False
surveillance_cameras_distance_2/cam_2/008_cam2_2.jpg,008,RGB,surveillance,frontal,50,55,66,56,59,68,59,76,2,medium,1985,m,False,False,False
surveillance_cameras_distance_2/cam_2/009_cam2_2.jpg,009,RGB,surveillance,frontal,48,70,63,69,55,81,56,91,2,medium,1984,m,False,False,False
surveillance_cameras_distance_2/cam_2/010_cam2_2.jpg,010,RGB,surveillance,frontal,49,75,69,76,60,89,60,99,2,medium,1982,m,False,False,False
surveillance_cameras_distance_2/cam_2/011_cam2_2.jpg,011,RGB,surveillance,frontal,56,68,72,68,65,82,64,88,2,medium,1984,m,True,True,False
surveillance_cameras_distance_2/cam_2/012_cam2_2.jpg,012,RGB,surveillance,frontal,56,59,71,57,63,70,65,78,2,medium,1983,m,False,False,False
surveillance_cameras_distance_2/cam_2/013_cam2_2.jpg,013,RGB,surveillance,frontal,47,65,66,64,55,75,56,86,2,medium,1984,m,False,False,False
surveillance_cameras_distance_2/cam_2/014_cam2_2.jpg,014,RGB,surveillance,frontal,51,65,69,63,62,76,62,82,2,medium,1985,f,False,False,False
surveillance_cameras_distance_2/cam_2/015_cam2_2.jpg,015,RGB,surveillance,frontal,51,60,69,60,60,76,61,83,2,medium,1980,m,False,False,False
surveillance_cameras_distance_2/cam_2/016_cam2_2.jpg,016,RGB,surveillance,frontal,50,70,64,69,59,81,59,89,2,medium,1985,m,False,False,False
surveillance_cameras_distance_2/cam_2/017_cam2_2.jpg,017,RGB,surveillance,frontal,54,59,71,58,63,71,64,79,2,medium,1984,m,False,False,False
surveillance_cameras_distance_2/cam_2/018_cam2_2.jpg,018,RGB,surveillance,frontal,41,55,60,54,50,69,53,78,2,medium,1984,m,False,False,False
surveillance_cameras_distance_2/cam_2/019_cam2_2.jpg,019,RGB,surveillance,frontal,34,60,53,58,44,68,46,78,2,medium,1982,m,False,False,True
surveillance_cameras_distance_2/cam_2/020_cam2_2.jpg,020,RGB,surveillance,frontal,50,62,66,62,58,73,58,81,2,medium,1985,m,True,True,False
surveillance_cameras_distance_2/cam_2/021_cam2_2.jpg,021,RGB,surveillance,frontal,49,56,67,56,60,66,60,76,2,medium,1985,m,False,False,False
surveillance_cameras_distance_2/cam_2/022_cam2_2.jpg,022,RGB,surveillance,frontal,49,59,67,59,60,71,60,79,2,medium,1984,m,False,False,False
surveillance_cameras_distance_2/cam_2/023_cam2_2.jpg,023,RGB,surveillance,frontal,47,64,63,62,56,74,57,84,2,medium,1982,m,True,False,False
surveillance_cameras_distance_2/cam_2/024_cam2_2.jpg,024,RGB,surveillance,frontal,53,61,71,60,64,70,64,79,2,medium,1984,m,False,False,False
surveillance_cameras_distance_2/cam_2/025_cam2_2.jpg,025,RGB,surveillance,frontal,43,72,61,71,53,84,53,92,2,medium,1984,m,True,True,True
surveillance_cameras_distance_2/cam_2/026_cam2_2.jpg,026,RGB,surveillance,frontal,42,69,61,68,52,79,52,88,2,medium,1982,m,False,False,False
surveillance_cameras_distance_2/cam_2/027_cam2_2.jpg,027,RGB,surveillance,frontal,39,72,58,71,49,87,49,92,2,medium,1984,m,True,False,False
surveillance_cameras_distance_2/cam_2/028_cam2_2.jpg,028,RGB,surveillance,frontal,47,65,64,63,56,76,57,82,2,medium,1982,f,False,False,False
surveillance_cameras_distance_2/cam_2/029_cam2_2.jpg,029,RGB,surveillance,frontal,52,55,68,52,59,64,62,70,2,medium,1983,f,False,False,False
surveillance_cameras_distance_2/cam_2/030_cam2_2.jpg,030,RGB,surveillance,frontal,46,61,62,60,54,74,56,82,2,medium,1984,m,False,False,False
surveillance_cameras_distance_2/cam_2/031_cam2_2.jpg,031,RGB,surveillance,frontal,40,65,56,65,47,76,47,82,2,medium,1984,f,False,False,False
surveillance_cameras_distance_2/cam_2/032_cam2_2.jpg,032,RGB,surveillance,frontal,54,73,71,71,62,88,62,95,2,medium,1983,m,True,True,False
surveillance_cameras_distance_2/cam_2/033_cam2_2.jpg,033,RGB,surveillance,frontal,40,51,59,50,51,66,51,75,2,medium,1984,m,False,False,False
surveillance_cameras_distance_2/cam_2/034_cam2_2.jpg,034,RGB,surveillance,frontal,51,64,70,63,61,76,61,86,2,medium,1978,m,False,False,False
surveillance_cameras_distance_2/cam_2/035_cam2_2.jpg,035,RGB,surveillance,frontal,33,66,51,66,44,80,45,88,2,medium,1984,m,True,False,False
surveillance_cameras_distance_2/cam_2/036_cam2_2.jpg,036,RGB,surveillance,frontal,49,55,64,55,56,66,56,74,2,medium,1983,m,True,False,False
surveillance_cameras_distance_2/cam_2/037_cam2_2.jpg,037,RGB,surveillance,frontal,42,78,62,73,51,91,53,97,2,medium,1985,m,True,False,False
surveillance_cameras_distance_2/cam_2/038_cam2_2.jpg,038,RGB,surveillance,frontal,45,82,70,83,58,107,58,114,2,medium,1984,m,True,False,False
surveillance_cameras_distance_2/cam_2/039_cam2_2.jpg,039,RGB,surveillance,frontal,42,56,60,54,52,64,52,71,2,medium,1972,f,False,False,False
surveillance_cameras_distance_2/cam_2/040_cam2_2.jpg,040,RGB,surveillance,frontal,58,56,73,57,66,70,66,77,2,medium,1983,m,False,False,False
surveillance_cameras_distance_2/cam_2/041_cam2_2.jpg,041,RGB,surveillance,frontal,52,62,71,62,61,77,62,87,2,medium,1982,m,False,False,False
surveillance_cameras_distance_2/cam_2/042_cam2_2.jpg,042,RGB,surveillance,frontal,43,69,63,68,54,82,55,92,2,medium,1984,m,False,False,False
surveillance_cameras_distance_2/cam_2/043_cam2_2.jpg,043,RGB,surveillance,frontal,36,59,55,56,45,69,47,79,2,medium,1984,m,False,False,False
surveillance_cameras_distance_2/cam_3/001_cam3_2.jpg,001,RGB,surveillance,frontal,50,65,65,65,58,75,59,85,3,medium,1973,m,False,False,False
surveillance_cameras_distance_2/cam_3/002_cam3_2.jpg,002,RGB,surveillance,frontal,48,56,63,55,57,64,56,72,3,medium,1982,m,False,False,True
surveillance_cameras_distance_2/cam_3/003_cam3_2.jpg,003,RGB,surveillance,frontal,41,70,55,69,48,80,48,86,3,medium,1983,m,False,False,False
surveillance_cameras_distance_2/cam_3/004_cam3_2.jpg,004,RGB,surveillance,frontal,40,57,56,56,50,66,50,74,3,medium,1984,m,True,True,False
surveillance_cameras_distance_2/cam_3/005_cam3_2.jpg,005,RGB,surveillance,frontal,49,72,62,69,55,82,57,86,3,medium,1983,m,False,False,False
surveillance_cameras_distance_2/cam_3/006_cam3_2.jpg,006,RGB,surveillance,frontal,51,60,66,58,59,70,59,77,3,medium,1982,m,False,False,False
surveillance_cameras_distance_2/cam_3/007_cam3_2.jpg,007,RGB,surveillance,frontal,45,58,59,56,54,70,53,75,3,medium,1984,f,False,False,False
surveillance_cameras_distance_2/cam_3/008_cam3_2.jpg,008,RGB,surveillance,frontal,48,54,62,53,58,63,55,70,3,medium,1985,m,False,False,False
surveillance_cameras_distance_2/cam_3/009_cam3_2.jpg,009,RGB,surveillance,frontal,46,60,59,58,54,68,53,77,3,medium,1984,m,False,False,False
surveillance_cameras_distance_2/cam_3/010_cam3_2.jpg,010,RGB,surveillance,frontal,48,54,66,53,59,66,59,75,3,medium,1982,m,False,False,False
surveillance_cameras_distance_2/cam_3/011_cam3_2.jpg,011,RGB,surveillance,frontal,52,54,67,53,60,64,60,71,3,medium,1984,m,True,True,False
surveillance_cameras_distance_2/cam_3/012_cam3_2.jpg,012,RGB,surveillance,frontal,38,61,51,58,45,70,44,77,3,medium,1983,m,False,False,False
surveillance_cameras_distance_2/cam_3/013_cam3_2.jpg,013,RGB,surveillance,frontal,44,58,60,58,52,68,52,76,3,medium,1984,m,False,False,False
surveillance_cameras_distance_2/cam_3/014_cam3_2.jpg,014,RGB,surveillance,frontal,54,49,67,47,63,58,64,64,3,medium,1985,f,False,False,False
surveillance_cameras_distance_2/cam_3/015_cam3_2.jpg,015,RGB,surveillance,frontal,47,57,64,56,55,68,55,76,3,medium,1980,m,False,False,False
surveillance_cameras_distance_2/cam_3/016_cam3_2.jpg,016,RGB,surveillance,frontal,46,54,60,52,54,62,54,69,3,medium,1985,m,False,False,False
surveillance_cameras_distance_2/cam_3/017_cam3_2.jpg,017,RGB,surveillance,frontal,38,45,54,44,46,56,47,63,3,medium,1984,m,False,False,False
surveillance_cameras_distance_2/cam_3/018_cam3_2.jpg,018,RGB,surveillance,frontal,37,53,55,53,46,66,48,73,3,medium,1984,m,False,False,False
surveillance_cameras_distance_2/cam_3/019_cam3_2.jpg,019,RGB,surveillance,frontal,45,54,62,52,55,63,57,71,3,medium,1982,m,False,False,True
surveillance_cameras_distance_2/cam_3/020_cam3_2.jpg,020,RGB,surveillance,frontal,46,44,61,45,54,55,53,63,3,medium,1985,m,True,True,False
surveillance_cameras_distance_2/cam_3/021_cam3_2.jpg,021,RGB,surveillance,frontal,45,58,62,58,56,66,55,76,3,medium,1985,m,False,False,False
surveillance_cameras_distance_2/cam_3/022_cam3_2.jpg,022,RGB,surveillance,frontal,44,57,59,55,54,68,53,77,3,medium,1984,m,False,False,False
surveillance_cameras_distance_2/cam_3/023_cam3_2.jpg,023,RGB,surveillance,frontal,43,62,59,60,53,70,53,79,3,medium,1982,m,True,False,False
surveillance_cameras_distance_2/cam_3/024_cam3_2.jpg,024,RGB,surveillance,frontal,49,57,63,57,57,67,56,74,3,medium,1984,m,False,False,False
surveillance_cameras_distance_2/cam_3/025_cam3_2.jpg,025,RGB,surveillance,frontal,54,66,70,64,62,75,62,85,3,medium,1984,m,True,True,True
surveillance_cameras_distance_2/cam_3/026_cam3_2.jpg,026,RGB,surveillance,frontal,41,57,58,56,49,65,51,74,3,medium,1982,m,False,False,False
surveillance_cameras_distance_2/cam_3/027_cam3_2.jpg,027,RGB,surveillance,frontal,52,52,66,51,60,65,60,72,3,medium,1984,m,True,False,False
surveillance_cameras_distance_2/cam_3/028_cam3_2.jpg,028,RGB,surveillance,frontal,43,63,58,60,50,71,52,77,3,medium,1982,f,False,False,False
surveillance_cameras_distance_2/cam_3/029_cam3_2.jpg,029,RGB,surveillance,frontal,49,67,64,64,57,74,58,81,3,medium,1983,f,False,False,False
surveillance_cameras_distance_2/cam_3/030_cam3_2.jpg,030,RGB,surveillance,frontal,56,46,71,44,63,55,64,64,3,medium,1984,m,False,False,False
surveillance_cameras_distance_2/cam_3/031_cam3_2.jpg,031,RGB,surveillance,frontal,53,63,72,60,63,74,64,83,3,medium,1984,f,False,False,False
surveillance_cameras_distance_2/cam_3/032_cam3_2.jpg,032,RGB,surveillance,frontal,52,70,69,68,61,83,61,90,3,medium,1983,m,True,True,False
surveillance_cameras_distance_2/cam_3/033_cam3_2.jpg,033,RGB,surveillance,frontal,38,65,53,64,47,77,48,86,3,medium,1984,m,False,False,False
surveillance_cameras_distance_2/cam_3/034_cam3_2.jpg,034,RGB,surveillance,frontal,46,49,62,49,55,59,55,70,3,medium,1978,m,False,False,False
surveillance_cameras_distance_2/cam_3/035_cam3_2.jpg,035,RGB,surveillance,frontal,51,72,67,70,60,84,61,91,3,medium,1984,m,True,False,False
surveillance_cameras_distance_2/cam_3/036_cam3_2.jpg,036,RGB,surveillance,frontal,45,44,60,45,53,53,52,62,3,medium,1983,m,True,False,False
surveillance_cameras_distance_2/cam_3/037_cam3_2.jpg,037,RGB,surveillance,frontal,37,59,53,56,45,71,47,77,3,medium,1985,m,True,False,False
surveillance_cameras_distance_2/cam_3/038_cam3_2.jpg,038,RGB,surveillance,frontal,46,78,68,77,58,98,57,108,3,medium,1984,m,True,False,False
surveillance_cameras_distance_2/cam_3/039_cam3_2.jpg,039,RGB,surveillance,frontal,50,67,68,65,60,75,60,81,3,medium,1972,f,False,False,False
surveillance_cameras_distance_2/cam_3/040_cam3_2.jpg,040,RGB,surveillance,frontal,52,68,69,68,61,80,60,87,3,medium,1983,m,False,False,False
surveillance_cameras_distance_2/cam_3/041_cam3_2.jpg,041,RGB,surveillance,frontal,50,70,66,70,58,84,58,93,3,medium,1982,m,False,False,False
surveillance_cameras_distance_2/cam_3/042_cam3_2.jpg,042,RGB,surveillance,frontal,40,65,57,65,49,75,49,84,3,medium,1984,m,False,False,False
surveillance_cameras_distance_2/cam_3/043_cam3_2.jpg,043,RGB,surveillance,frontal,36,69,55,67,46,77,48,86,3,medium,1984,m,False,False,False
surveillance_cameras_distance_2/cam_4/001_cam4_2.jpg,001,RGB,surveillance,frontal,47,61,62,62,56,71,56,81,4,medium,1973,m,False,False,False
surveillance_cameras_distance_2/cam_4/002_cam4_2.jpg,002,RGB,surveillance,frontal,45,51,59,50,54,60,53,70,4,medium,1982,m,False,False,True
surveillance_cameras_distance_2/cam_4/003_cam4_2.jpg,003,RGB,surveillance,frontal,50,67,65,66,58,77,58,85,4,medium,1983,m,False,False,False
surveillance_cameras_distance_2/cam_4/004_cam4_2.jpg,004,RGB,surveillance,frontal,47,65,63,63,55,73,55,81,4,medium,1984,m,True,True,False
surveillance_cameras_distance_2/cam_4/005_cam4_2.jpg,005,RGB,surveillance,frontal,49,69,62,66,55,78,58,83,4,medium,1983,m,False,False,False
surveillance_cameras_distance_2/cam_4/006_cam4_2.jpg,006,RGB,surveillance,frontal,47,54,64,53,55,66,56,74,4,medium,1982,m,False,False,False
surveillance_cameras_distance_2/cam_4/007_cam4_2.jpg,007,RGB,surveillance,frontal,41,55,56,55,50,66,51,73,4,medium,1984,f,False,False,False
surveillance_cameras_distance_2/cam_4/008_cam4_2.jpg,008,RGB,surveillance,frontal,48,50,63,49,56,61,57,70,4,medium,1985,m,False,False,False
surveillance_cameras_distance_2/cam_4/009_cam4_2.jpg,009,RGB,surveillance,frontal,44,55,58,53,51,64,52,73,4,medium,1984,m,False,False,False
surveillance_cameras_distance_2/cam_4/010_cam4_2.jpg,010,RGB,surveillance,frontal,25,66,45,64,35,77,37,88,4,medium,1982,m,False,False,False
surveillance_cameras_distance_2/cam_4/011_cam4_2.jpg,011,RGB,surveillance,frontal,49,49,65,48,57,60,57,68,4,medium,1984,m,True,True,False
surveillance_cameras_distance_2/cam_4/012_cam4_2.jpg,012,RGB,surveillance,frontal,35,56,50,54,43,65,44,74,4,medium,1983,m,False,False,False
surveillance_cameras_distance_2/cam_4/013_cam4_2.jpg,013,RGB,surveillance,frontal,40,55,56,55,47,65,48,74,4,medium,1984,m,False,False,False
surveillance_cameras_distance_2/cam_4/014_cam4_2.jpg,014,RGB,surveillance,frontal,50,63,64,60,61,71,59,78,4,medium,1985,f,False,False,False
surveillance_cameras_distance_2/cam_4/015_cam4_2.jpg,015,RGB,surveillance,frontal,40,68,56,67,48,80,49,89,4,medium,1980,m,False,False,False
surveillance_cameras_distance_2/cam_4/016_cam4_2.jpg,016,RGB,surveillance,frontal,43,66,57,65,52,76,52,84,4,medium,1985,m,False,False,False
surveillance_cameras_distance_2/cam_4/017_cam4_2.jpg,017,RGB,surveillance,frontal,53,58,67,57,61,68,61,76,4,medium,1984,m,False,False,False
surveillance_cameras_distance_2/cam_4/018_cam4_2.jpg,018,RGB,surveillance,frontal,47,65,64,64,56,76,58,85,4,medium,1984,m,False,False,False
surveillance_cameras_distance_2/cam_4/019_cam4_2.jpg,019,RGB,surveillance,frontal,38,66,54,65,47,74,49,84,4,medium,1982,m,False,False,True
surveillance_cameras_distance_2/cam_4/020_cam4_2.jpg,020,RGB,surveillance,frontal,42,58,57,58,51,69,50,76,4,medium,1985,m,True,True,False
surveillance_cameras_distance_2/cam_4/021_cam4_2.jpg,021,RGB,surveillance,frontal,38,53,55,53,49,62,48,72,4,medium,1985,m,False,False,False
surveillance_cameras_distance_2/cam_4/022_cam4_2.jpg,022,RGB,surveillance,frontal,36,54,52,52,46,63,46,73,4,medium,1984,m,False,False,False
surveillance_cameras_distance_2/cam_4/023_cam4_2.jpg,023,RGB,surveillance,frontal,51,56,65,54,58,63,60,74,4,medium,1982,m,True,False,False
surveillance_cameras_distance_2/cam_4/024_cam4_2.jpg,024,RGB,surveillance,frontal,39,56,55,55,48,64,49,74,4,medium,1984,m,False,False,False
surveillance_cameras_distance_2/cam_4/025_cam4_2.jpg,025,RGB,surveillance,frontal,46,65,62,63,54,75,56,84,4,medium,1984,m,True,True,True
surveillance_cameras_distance_2/cam_4/026_cam4_2.jpg,026,RGB,surveillance,frontal,38,53,53,52,46,60,48,69,4,medium,1982,m,False,False,False
surveillance_cameras_distance_2/cam_4/027_cam4_2.jpg,027,RGB,surveillance,frontal,47,66,62,66,54,79,55,86,4,medium,1984,m,True,False,False
surveillance_cameras_distance_2/cam_4/028_cam4_2.jpg,028,RGB,surveillance,frontal,41,59,56,58,48,67,50,74,4,medium,1982,f,False,False,False
surveillance_cameras_distance_2/cam_4/029_cam4_2.jpg,029,RGB,surveillance,frontal,48,64,63,62,54,72,56,79,4,medium,1983,f,False,False,False
surveillance_cameras_distance_2/cam_4/030_cam4_2.jpg,030,RGB,surveillance,frontal,50,59,66,57,58,68,60,76,4,medium,1984,m,False,False,False
surveillance_cameras_distance_2/cam_4/031_cam4_2.jpg,031,RGB,surveillance,frontal,41,63,56,62,49,70,50,78,4,medium,1984,f,False,False,False
surveillance_cameras_distance_2/cam_4/032_cam4_2.jpg,032,RGB,surveillance,frontal,46,65,65,62,58,78,59,88,4,medium,1983,m,True,True,False
surveillance_cameras_distance_2/cam_4/033_cam4_2.jpg,033,RGB,surveillance,frontal,48,63,64,62,58,73,58,84,4,medium,1984,m,False,False,False
surveillance_cameras_distance_2/cam_4/034_cam4_2.jpg,034,RGB,surveillance,frontal,39,43,56,43,48,53,49,63,4,medium,1978,m,False,False,False
surveillance_cameras_distance_2/cam_4/035_cam4_2.jpg,035,RGB,surveillance,frontal,42,68,59,67,50,79,52,89,4,medium,1984,m,True,False,False
surveillance_cameras_distance_2/cam_4/036_cam4_2.jpg,036,RGB,surveillance,frontal,57,59,72,59,65,67,65,75,4,medium,1983,m,True,False,False
surveillance_cameras_distance_2/cam_4/037_cam4_2.jpg,037,RGB,surveillance,frontal,39,71,59,70,48,86,49,93,4,medium,1985,m,True,False,False
surveillance_cameras_distance_2/cam_4/038_cam4_2.jpg,038,RGB,surveillance,frontal,43,76,69,77,55,97,58,107,4,medium,1984,m,True,False,False
surveillance_cameras_distance_2/cam_4/039_cam4_2.jpg,039,RGB,surveillance,frontal,47,63,63,61,55,72,56,78,4,medium,1972,f,False,False,False
surveillance_cameras_distance_2/cam_4/040_cam4_2.jpg,040,RGB,surveillance,frontal,46,64,63,64,55,77,54,83,4,medium,1983,m,False,False,False
surveillance_cameras_distance_2/cam_4/041_cam4_2.jpg,041,RGB,surveillance,frontal,43,68,60,68,52,80,52,92,4,medium,1982,m,False,False,False
surveillance_cameras_distance_2/cam_4/042_cam4_2.jpg,042,RGB,surveillance,frontal,36,59,53,57,45,69,46,78,4,medium,1984,m,False,False,False
surveillance_cameras_distance_2/cam_4/043_cam4_2.jpg,043,RGB,surveillance,frontal,30,67,47,64,39,76,40,85,4,medium,1984,m,False,False,False
surveillance_cameras_distance_2/cam_5/001_cam5_2.jpg,001,RGB,surveillance,frontal,36,58,52,58,43,69,44,78,5,medium,1973,m,False,False,False
surveillance_cameras_distance_2/cam_5/002_cam5_2.jpg,002,RGB,surveillance,frontal,34,46,50,45,40,55,42,63,5,medium,1982,m,False,False,True
surveillance_cameras_distance_2/cam_5/003_cam5_2.jpg,003,RGB,surveillance,frontal,36,56,51,56,43,67,44,74,5,medium,1983,m,False,False,False
surveillance_cameras_distance_2/cam_5/004_cam5_2.jpg,004,RGB,surveillance,frontal,50,55,64,55,56,64,57,72,5,medium,1984,m,True,True,False
surveillance_cameras_distance_2/cam_5/005_cam5_2.jpg,005,RGB,surveillance,frontal,44,64,57,62,49,73,54,78,5,medium,1983,m,False,False,False
surveillance_cameras_distance_2/cam_5/006_cam5_2.jpg,006,RGB,surveillance,frontal,46,62,62,62,53,76,54,83,5,medium,1982,m,False,False,False
surveillance_cameras_distance_2/cam_5/007_cam5_2.jpg,007,RGB,surveillance,frontal,43,71,56,71,50,85,52,88,5,medium,1984,f,False,False,False
surveillance_cameras_distance_2/cam_5/008_cam5_2.jpg,008,RGB,surveillance,frontal,36,66,51,66,43,79,44,87,5,medium,1985,m,False,False,False
surveillance_cameras_distance_2/cam_5/009_cam5_2.jpg,009,RGB,surveillance,frontal,37,60,51,60,42,70,43,81,5,medium,1984,m,False,False,False
surveillance_cameras_distance_2/cam_5/010_cam5_2.jpg,010,RGB,surveillance,frontal,38,74,57,76,46,88,48,98,5,medium,1982,m,False,False,False
surveillance_cameras_distance_2/cam_5/011_cam5_2.jpg,011,RGB,surveillance,frontal,38,61,53,61,46,73,46,79,5,medium,1984,m,True,True,False
surveillance_cameras_distance_2/cam_5/012_cam5_2.jpg,012,RGB,surveillance,frontal,42,66,57,65,49,77,50,85,5,medium,1983,m,False,False,False
surveillance_cameras_distance_2/cam_5/013_cam5_2.jpg,013,RGB,surveillance,frontal,41,65,56,65,48,76,49,84,5,medium,1984,m,False,False,False
surveillance_cameras_distance_2/cam_5/014_cam5_2.jpg,014,RGB,surveillance,frontal,38,56,54,54,48,64,48,72,5,medium,1985,f,False,False,False
surveillance_cameras_distance_2/cam_5/015_cam5_2.jpg,015,RGB,surveillance,frontal,36,67,51,66,43,80,43,88,5,medium,1980,m,False,False,False
surveillance_cameras_distance_2/cam_5/016_cam5_2.jpg,016,RGB,surveillance,frontal,49,73,62,73,56,82,57,90,5,medium,1985,m,False,False,False
surveillance_cameras_distance_2/cam_5/017_cam5_2.jpg,017,RGB,surveillance,frontal,43,55,57,55,50,67,50,73,5,medium,1984,m,False,False,False
surveillance_cameras_distance_2/cam_5/018_cam5_2.jpg,018,RGB,surveillance,frontal,34,63,50,62,41,75,43,83,5,medium,1984,m,False,False,False
surveillance_cameras_distance_2/cam_5/019_cam5_2.jpg,019,RGB,surveillance,frontal,35,67,53,66,43,76,45,85,5,medium,1982,m,False,False,True
surveillance_cameras_distance_2/cam_5/020_cam5_2.jpg,020,RGB,surveillance,frontal,44,74,58,75,51,85,51,93,5,medium,1985,m,True,True,False
surveillance_cameras_distance_2/cam_5/021_cam5_2.jpg,021,RGB,surveillance,frontal,43,64,61,64,51,75,52,85,5,medium,1985,m,False,False,False
surveillance_cameras_distance_2/cam_5/022_cam5_2.jpg,022,RGB,surveillance,frontal,35,53,51,53,43,63,44,72,5,medium,1984,m,False,False,False
surveillance_cameras_distance_2/cam_5/023_cam5_2.jpg,023,RGB,surveillance,frontal,47,66,62,64,55,75,56,85,5,medium,1982,m,True,False,False
surveillance_cameras_distance_2/cam_5/024_cam5_2.jpg,024,RGB,surveillance,frontal,38,71,53,70,46,80,46,87,5,medium,1984,m,False,False,False
surveillance_cameras_distance_2/cam_5/025_cam5_2.jpg,025,RGB,surveillance,frontal,44,66,58,65,51,76,51,85,5,medium,1984,m,True,True,True
surveillance_cameras_distance_2/cam_5/026_cam5_2.jpg,026,RGB,surveillance,frontal,46,63,61,62,53,71,54,79,5,medium,1982,m,False,False,False
surveillance_cameras_distance_2/cam_5/027_cam5_2.jpg,027,RGB,surveillance,frontal,48,65,63,65,54,78,55,84,5,medium,1984,m,True,False,False
surveillance_cameras_distance_2/cam_5/028_cam5_2.jpg,028,RGB,surveillance,frontal,44,69,58,68,51,79,53,85,5,medium,1982,f,False,False,False
surveillance_cameras_distance_2/cam_5/029_cam5_2.jpg,029,RGB,surveillance,frontal,36,75,49,73,41,84,43,90,5,medium,1983,f,False,False,False
surveillance_cameras_distance_2/cam_5/030_cam5_2.jpg,030,RGB,surveillance,frontal,36,56,51,55,43,67,44,75,5,medium,1984,m,False,False,False
surveillance_cameras_distance_2/cam_5/031_cam5_2.jpg,031,RGB,surveillance,frontal,31,77,47,76,38,88,38,96,5,medium,1984,f,False,False,False
surveillance_cameras_distance_2/cam_5/032_cam5_2.jpg,032,RGB,surveillance,frontal,38,61,55,59,47,78,49,85,5,medium,1983,m,True,True,False
surveillance_cameras_distance_2/cam_5/033_cam5_2.jpg,033,RGB,surveillance,frontal,35,61,50,60,42,73,43,83,5,medium,1984,m,False,False,False
surveillance_cameras_distance_2/cam_5/034_cam5_2.jpg,034,RGB,surveillance,frontal,42,54,59,55,50,66,50,77,5,medium,1978,m,False,False,False
surveillance_cameras_distance_2/cam_5/035_cam5_2.jpg,035,RGB,surveillance,frontal,41,69,57,68,47,80,49,89,5,medium,1984,m,True,False,False
surveillance_cameras_distance_2/cam_5/036_cam5_2.jpg,036,RGB,surveillance,frontal,45,72,59,73,50,82,51,90,5,medium,1983,m,True,False,False
surveillance_cameras_distance_2/cam_5/037_cam5_2.jpg,037,RGB,surveillance,frontal,33,79,50,77,41,91,43,97,5,medium,1985,m,True,False,False
surveillance_cameras_distance_2/cam_5/038_cam5_2.jpg,038,RGB,surveillance,frontal,33,78,54,77,44,97,45,103,5,medium,1984,m,True,False,False
surveillance_cameras_distance_2/cam_5/039_cam5_2.jpg,039,RGB,surveillance,frontal,47,58,62,57,55,67,55,73,5,medium,1972,f,False,False,False
surveillance_cameras_distance_2/cam_5/040_cam5_2.jpg,040,RGB,surveillance,frontal,47,63,63,64,54,75,54,81,5,medium,1983,m,False,False,False
surveillance_cameras_distance_2/cam_5/041_cam5_2.jpg,041,RGB,surveillance,frontal,38,76,55,76,45,90,46,101,5,medium,1982,m,False,False,False
surveillance_cameras_distance_2/cam_5/042_cam5_2.jpg,042,RGB,surveillance,frontal,38,71,54,72,45,83,46,90,5,medium,1984,m,False,False,False
surveillance_cameras_distance_2/cam_5/043_cam5_2.jpg,043,RGB,surveillance,frontal,32,60,49,59,40,69,41,80,5,medium,1984,m,False,False,False
surveillance_cameras_distance_3/cam_1/001_cam1_3.jpg,001,RGB,surveillance,frontal,59,114,95,115,78,141,76,160,1,close,1973,m,False,False,False
surveillance_cameras_distance_3/cam_1/002_cam1_3.jpg,002,RGB,surveillance,frontal,62,95,93,94,79,121,79,137,1,close,1982,m,False,False,True
surveillance_cameras_distance_3/cam_1/003_cam1_3.jpg,003,RGB,surveillance,frontal,61,134,100,133,80,164,80,180,1,close,1983,m,False,False,False
surveillance_cameras_distance_3/cam_1/004_cam1_3.jpg,004,RGB,surveillance,frontal,62,116,96,116,79,145,79,157,1,close,1984,m,True,True,False
surveillance_cameras_distance_3/cam_1/005_cam1_3.jpg,005,RGB,surveillance,frontal,55,133,89,128,70,158,78,165,1,close,1983,m,False,False,False
surveillance_cameras_distance_3/cam_1/006_cam1_3.jpg,006,RGB,surveillance,frontal,67,131,108,133,86,167,82,177,1,close,1982,m,False,False,False
surveillance_cameras_distance_3/cam_1/007_cam1_3.jpg,007,RGB,surveillance,frontal,62,104,92,105,78,130,78,135,1,close,1984,f,False,False,False
surveillance_cameras_distance_3/cam_1/008_cam1_3.jpg,008,RGB,surveillance,frontal,59,105,95,106,77,135,77,150,1,close,1985,m,False,False,False
surveillance_cameras_distance_3/cam_1/009_cam1_3.jpg,009,RGB,surveillance,frontal,60,114,97,113,74,147,76,163,1,close,1984,m,False,False,False
surveillance_cameras_distance_3/cam_1/010_cam1_3.jpg,010,RGB,surveillance,frontal,48,131,95,132,71,168,73,190,1,close,1982,m,False,False,False
surveillance_cameras_distance_3/cam_1/011_cam1_3.jpg,011,RGB,surveillance,frontal,63,122,100,121,84,156,84,167,1,close,1984,m,True,True,False
surveillance_cameras_distance_3/cam_1/012_cam1_3.jpg,012,RGB,surveillance,frontal,55,103,87,100,71,130,72,143,1,close,1983,m,False,False,False
surveillance_cameras_distance_3/cam_1/013_cam1_3.jpg,013,RGB,surveillance,frontal,57,108,90,105,77,133,79,146,1,close,1984,m,False,False,False
surveillance_cameras_distance_3/cam_1/014_cam1_3.jpg,014,RGB,surveillance,frontal,66,119,100,116,84,141,84,156,1,close,1985,f,False,False,False
surveillance_cameras_distance_3/cam_1/015_cam1_3.jpg,015,RGB,surveillance,frontal,71,124,107,124,90,157,89,173,1,close,1980,m,False,False,False
surveillance_cameras_distance_3/cam_1/016_cam1_3.jpg,016,RGB,surveillance,frontal,58,124,88,121,76,150,77,160,1,close,1985,m,False,False,False
surveillance_cameras_distance_3/cam_1/017_cam1_3.jpg,017,RGB,surveillance,frontal,73,113,102,111,89,139,88,149,1,close,1984,m,False,False,False
surveillance_cameras_distance_3/cam_1/018_cam1_3.jpg,018,RGB,surveillance,frontal,61,117,98,117,79,147,80,163,1,close,1984,m,False,False,False
surveillance_cameras_distance_3/cam_1/019_cam1_3.jpg,019,RGB,surveillance,frontal,58,127,93,127,72,153,74,170,1,close,1982,m,False,False,True
surveillance_cameras_distance_3/cam_1/020_cam1_3.jpg,020,RGB,surveillance,frontal,45,132,84,133,64,164,65,175,1,close,1985,m,True,True,False
surveillance_cameras_distance_3/cam_1/021_cam1_3.jpg,021,RGB,surveillance,frontal,60,108,98,106,79,134,81,154,1,close,1985,m,False,False,False
surveillance_cameras_distance_3/cam_1/022_cam1_3.jpg,022,RGB,surveillance,frontal,68,116,110,117,91,153,91,172,1,close,1984,m,False,False,False
surveillance_cameras_distance_3/cam_1/023_cam1_3.jpg,023,RGB,surveillance,frontal,70,106,109,103,92,137,93,158,1,close,1982,m,True,False,False
surveillance_cameras_distance_3/cam_1/024_cam1_3.jpg,024,RGB,surveillance,frontal,62,110,97,111,81,139,80,151,1,close,1984,m,False,False,False
surveillance_cameras_distance_3/cam_1/025_cam1_3.jpg,025,RGB,surveillance,frontal,61,129,102,133,81,160,79,184,1,close,1984,m,True,True,True
surveillance_cameras_distance_3/cam_1/026_cam1_3.jpg,026,RGB,surveillance,frontal,56,112,90,111,76,138,75,154,1,close,1982,m,False,False,False
surveillance_cameras_distance_3/cam_1/027_cam1_3.jpg,027,RGB,surveillance,frontal,65,122,97,123,80,153,80,164,1,close,1984,m,True,False,False
surveillance_cameras_distance_3/cam_1/028_cam1_3.jpg,028,RGB,surveillance,frontal,62,118,95,117,79,146,80,156,1,close,1982,f,False,False,False
surveillance_cameras_distance_3/cam_1/029_cam1_3.jpg,029,RGB,surveillance,frontal,75,92,101,89,89,110,89,122,1,close,1983,f,False,False,False
surveillance_cameras_distance_3/cam_1/030_cam1_3.jpg,030,RGB,surveillance,frontal,61,123,98,124,79,150,77,166,1,close,1984,m,False,False,False
surveillance_cameras_distance_3/cam_1/031_cam1_3.jpg,031,RGB,surveillance,frontal,71,116,105,117,87,143,88,154,1,close,1984,f,False,False,False
surveillance_cameras_distance_3/cam_1/032_cam1_3.jpg,032,RGB,surveillance,frontal,66,115,102,114,85,152,83,166,1,close,1983,m,True,True,False
surveillance_cameras_distance_3/cam_1/033_cam1_3.jpg,033,RGB,surveillance,frontal,61,125,107,125,85,165,86,186,1,close,1984,m,False,False,False
surveillance_cameras_distance_3/cam_1/034_cam1_3.jpg,034,RGB,surveillance,frontal,56,115,96,114,76,149,77,169,1,close,1978,m,False,False,False
surveillance_cameras_distance_3/cam_1/035_cam1_3.jpg,035,RGB,surveillance,frontal,66,112,109,111,87,145,90,168,1,close,1984,m,True,False,False
surveillance_cameras_distance_3/cam_1/036_cam1_3.jpg,036,RGB,surveillance,frontal,58,120,99,121,78,152,77,168,1,close,1983,m,True,False,False
surveillance_cameras_distance_3/cam_1/037_cam1_3.jpg,037,RGB,surveillance,frontal,71,120,112,120,93,157,91,174,1,close,1985,m,True,False,False
surveillance_cameras_distance_3/cam_1/038_cam1_3.jpg,038,RGB,surveillance,frontal,64,133,103,128,86,168,89,179,1,close,1984,m,True,False,False
surveillance_cameras_distance_3/cam_1/039_cam1_3.jpg,039,RGB,surveillance,frontal,59,119,90,118,74,139,74,153,1,close,1972,f,False,False,False
surveillance_cameras_distance_3/cam_1/040_cam1_3.jpg,040,RGB,surveillance,frontal,60,105,96,108,76,136,75,150,1,close,1983,m,False,False,False
surveillance_cameras_distance_3/cam_1/041_cam1_3.jpg,041,RGB,surveillance,frontal,68,114,106,116,86,148,85,168,1,close,1982,m,False,False,False
surveillance_cameras_distance_3/cam_1/042_cam1_3.jpg,042,RGB,surveillance,frontal,66,127,107,129,86,163,85,182,1,close,1984,m,False,False,False
surveillance_cameras_distance_3/cam_1/043_cam1_3.jpg,043,RGB,surveillance,frontal,51,126,89,126,67,155,69,170,1,close,1984,m,False,False,False
surveillance_cameras_distance_3/cam_2/001_cam2_3.jpg,001,RGB,surveillance,frontal,76,111,107,110,91,131,91,146,2,close,1973,m,False,False,False
surveillance_cameras_distance_3/cam_2/002_cam2_3.jpg,002,RGB,surveillance,frontal,76,101,102,99,92,121,92,137,2,close,1982,m,False,False,True
surveillance_cameras_distance_3/cam_2/003_cam2_3.jpg,003,RGB,surveillance,frontal,56,120,89,118,75,146,74,159,2,close,1983,m,False,False,False
surveillance_cameras_distance_3/cam_2/004_cam2_3.jpg,004,RGB,surveillance,frontal,69,131,103,128,89,156,87,169,2,close,1984,m,True,True,False
surveillance_cameras_distance_3/cam_2/005_cam2_3.jpg,005,RGB,surveillance,frontal,53,131,88,129,67,158,71,166,2,close,1983,m,False,False,False
surveillance_cameras_distance_3/cam_2/006_cam2_3.jpg,006,RGB,surveillance,frontal,60,135,104,133,81,165,79,177,2,close,1982,m,False,False,False
surveillance_cameras_distance_3/cam_2/007_cam2_3.jpg,007,RGB,surveillance,frontal,78,106,103,106,92,128,91,134,2,close,1984,f,False,False,False
surveillance_cameras_distance_3/cam_2/008_cam2_3.jpg,008,RGB,surveillance,frontal,71,89,101,88,87,115,87,126,2,close,1985,m,False,False,False
surveillance_cameras_distance_3/cam_2/009_cam2_3.jpg,009,RGB,surveillance,frontal,55,107,88,106,70,137,73,150,2,close,1984,m,False,False,False
surveillance_cameras_distance_3/cam_2/010_cam2_3.jpg,010,RGB,surveillance,frontal,56,132,96,134,76,161,78,178,2,close,1982,m,False,False,False
surveillance_cameras_distance_3/cam_2/011_cam2_3.jpg,011,RGB,surveillance,frontal,67,123,98,120,85,151,85,161,2,close,1984,m,True,True,False
surveillance_cameras_distance_3/cam_2/012_cam2_3.jpg,012,RGB,surveillance,frontal,66,98,93,95,82,120,82,131,2,close,1983,m,False,False,False
surveillance_cameras_distance_3/cam_2/013_cam2_3.jpg,013,RGB,surveillance,frontal,68,120,95,115,86,140,88,152,2,close,1984,m,False,False,False
surveillance_cameras_distance_3/cam_2/014_cam2_3.jpg,014,RGB,surveillance,frontal,72,120,101,115,89,136,89,148,2,close,1985,f,False,False,False
surveillance_cameras_distance_3/cam_2/015_cam2_3.jpg,015,RGB,surveillance,frontal,62,122,93,118,80,148,80,162,2,close,1980,m,False,False,False
surveillance_cameras_distance_3/cam_2/016_cam2_3.jpg,016,RGB,surveillance,frontal,66,130,93,126,84,151,83,162,2,close,1985,m,False,False,False
surveillance_cameras_distance_3/cam_2/017_cam2_3.jpg,017,RGB,surveillance,frontal,75,100,100,97,91,119,89,129,2,close,1984,m,False,False,False
surveillance_cameras_distance_3/cam_2/018_cam2_3.jpg,018,RGB,surveillance,frontal,64,108,95,106,81,132,81,145,2,close,1984,m,False,False,False
surveillance_cameras_distance_3/cam_2/019_cam2_3.jpg,019,RGB,surveillance,frontal,58,130,92,125,75,148,77,163,2,close,1982,m,False,False,True
surveillance_cameras_distance_3/cam_2/020_cam2_3.jpg,020,RGB,surveillance,frontal,65,122,98,122,83,147,83,157,2,close,1985,m,True,True,False
surveillance_cameras_distance_3/cam_2/021_cam2_3.jpg,021,RGB,surveillance,frontal,70,93,101,89,88,112,88,130,2,close,1985,m,False,False,False
surveillance_cameras_distance_3/cam_2/022_cam2_3.jpg,022,RGB,surveillance,frontal,65,116,101,113,88,144,84,159,2,close,1984,m,False,False,False
surveillance_cameras_distance_3/cam_2/023_cam2_3.jpg,023,RGB,surveillance,frontal,72,116,104,111,91,139,92,158,2,close,1982,m,True,False,False
surveillance_cameras_distance_3/cam_2/024_cam2_3.jpg,024,RGB,surveillance,frontal,64,111,95,110,83,134,81,146,2,close,1984,m,False,False,False
surveillance_cameras_distance_3/cam_2/025_cam2_3.jpg,025,RGB,surveillance,frontal,69,112,104,112,91,134,88,153,2,close,1984,m,True,True,True
surveillance_cameras_distance_3/cam_2/026_cam2_3.jpg,026,RGB,surveillance,frontal,67,105,94,103,85,125,84,138,2,close,1982,m,False,False,False
surveillance_cameras_distance_3/cam_2/027_cam2_3.jpg,027,RGB,surveillance,frontal,74,116,99,117,87,141,87,150,2,close,1984,m,True,False,False
surveillance_cameras_distance_3/cam_2/028_cam2_3.jpg,028,RGB,surveillance,frontal,68,96,97,94,83,119,85,129,2,close,1982,f,False,False,False
surveillance_cameras_distance_3/cam_2/029_cam2_3.jpg,029,RGB,surveillance,frontal,67,119,94,116,81,139,82,149,2,close,1983,f,False,False,False
surveillance_cameras_distance_3/cam_2/030_cam2_3.jpg,030,RGB,surveillance,frontal,71,112,110,115,89,141,85,154,2,close,1984,m,False,False,False
surveillance_cameras_distance_3/cam_2/031_cam2_3.jpg,031,RGB,surveillance,frontal,70,114,98,113,84,134,85,143,2,close,1984,f,False,False,False
surveillance_cameras_distance_3/cam_2/032_cam2_3.jpg,032,RGB,surveillance,frontal,68,104,99,101,84,133,82,145,2,close,1983,m,True,True,False
surveillance_cameras_distance_3/cam_2/033_cam2_3.jpg,033,RGB,surveillance,frontal,56,113,96,111,80,145,79,162,2,close,1984,m,False,False,False
surveillance_cameras_distance_3/cam_2/034_cam2_3.jpg,034,RGB,surveillance,frontal,70,103,104,102,89,130,88,146,2,close,1978,m,False,False,False
surveillance_cameras_distance_3/cam_2/035_cam2_3.jpg,035,RGB,surveillance,frontal,74,104,111,101,94,129,97,148,2,close,1984,m,True,False,False
surveillance_cameras_distance_3/cam_2/036_cam2_3.jpg,036,RGB,surveillance,frontal,67,112,101,110,84,136,81,151,2,close,1983,m,True,False,False
surveillance_cameras_distance_3/cam_2/037_cam2_3.jpg,037,RGB,surveillance,frontal,73,120,109,117,94,150,92,162,2,close,1985,m,True,False,False
surveillance_cameras_distance_3/cam_2/038_cam2_3.jpg,038,RGB,surveillance,frontal,71,127,105,115,93,154,97,163,2,close,1984,m,True,False,False
surveillance_cameras_distance_3/cam_2/039_cam2_3.jpg,039,RGB,surveillance,frontal,72,100,99,100,85,117,86,129,2,close,1972,f,False,False,False
surveillance_cameras_distance_3/cam_2/040_cam2_3.jpg,040,RGB,surveillance,frontal,69,115,99,115,84,142,83,153,2,close,1983,m,False,False,False
surveillance_cameras_distance_3/cam_2/041_cam2_3.jpg,041,RGB,surveillance,frontal,61,97,92,95,81,126,83,141,2,close,1982,m,False,False,False
surveillance_cameras_distance_3/cam_2/042_cam2_3.jpg,042,RGB,surveillance,frontal,68,107,103,105,87,134,88,151,2,close,1984,m,False,False,False
surveillance_cameras_distance_3/cam_2/043_cam2_3.jpg,043,RGB,surveillance,frontal,65,105,98,103,82,128,85,144,2,close,1984,m,False,False,False
surveillance_cameras_distance_3/cam_3/001_cam3_3.jpg,001,RGB,surveillance,frontal,56,107,85,106,73,125,73,141,3,close,1973,m,False,False,False
surveillance_cameras_distance_3/cam_3/002_cam3_3.jpg,002,RGB,surveillance,frontal,76,95,101,93,90,113,91,127,3,close,1982,m,False,False,True
surveillance_cameras_distance_3/cam_3/003_cam3_3.jpg,003,RGB,surveillance,frontal,61,107,92,105,79,128,79,143,3,close,1983,m,False,False,False
surveillance_cameras_distance_3/cam_3/004_cam3_3.jpg,004,RGB,surveillance,frontal,74,126,105,124,91,147,92,163,3,close,1984,m,True,True,False
surveillance_cameras_distance_3/cam_3/005_cam3_3.jpg,005,RGB,surveillance,frontal,66,124,98,120,81,144,89,152,3,close,1983,m,False,False,False
surveillance_cameras_distance_3/cam_3/006_cam3_3.jpg,006,RGB,surveillance,frontal,72,114,104,116,87,145,84,155,3,close,1982,m,False,False,False
surveillance_cameras_distance_3/cam_3/007_cam3_3.jpg,007,RGB,surveillance,frontal,72,99,95,97,88,116,86,121,3,close,1984,f,False,False,False
surveillance_cameras_distance_3/cam_3/008_cam3_3.jpg,008,RGB,surveillance,frontal,73,91,100,91,88,111,88,122,3,close,1985,m,False,False,False
surveillance_cameras_distance_3/cam_3/009_cam3_3.jpg,009,RGB,surveillance,frontal,60,118,90,115,73,142,75,157,3,close,1984,m,False,False,False
surveillance_cameras_distance_3/cam_3/010_cam3_3.jpg,010,RGB,surveillance,frontal,74,117,107,117,92,142,93,163,3,close,1982,m,False,False,False
surveillance_cameras_distance_3/cam_3/011_cam3_3.jpg,011,RGB,surveillance,frontal,67,102,96,99,85,126,84,135,3,close,1984,m,True,True,False
surveillance_cameras_distance_3/cam_3/012_cam3_3.jpg,012,RGB,surveillance,frontal,65,88,91,86,80,106,81,119,3,close,1983,m,False,False,False
surveillance_cameras_distance_3/cam_3/013_cam3_3.jpg,013,RGB,surveillance,frontal,76,107,103,102,93,125,94,138,3,close,1984,m,False,False,False
surveillance_cameras_distance_3/cam_3/014_cam3_3.jpg,014,RGB,surveillance,frontal,61,91,87,87,78,106,77,119,3,close,1985,f,False,False,False
surveillance_cameras_distance_3/cam_3/015_cam3_3.jpg,015,RGB,surveillance,frontal,62,100,92,99,80,123,80,139,3,close,1980,m,False,False,False
surveillance_cameras_distance_3/cam_3/016_cam3_3.jpg,016,RGB,surveillance,frontal,57,116,81,112,73,135,72,145,3,close,1985,m,False,False,False
surveillance_cameras_distance_3/cam_3/017_cam3_3.jpg,017,RGB,surveillance,frontal,72,115,94,113,87,132,85,144,3,close,1984,m,False,False,False
surveillance_cameras_distance_3/cam_3/018_cam3_3.jpg,018,RGB,surveillance,frontal,67,109,99,108,82,129,84,145,3,close,1984,m,False,False,False
surveillance_cameras_distance_3/cam_3/019_cam3_3.jpg,019,RGB,surveillance,frontal,56,113,87,110,74,128,76,146,3,close,1982,m,False,False,True
surveillance_cameras_distance_3/cam_3/020_cam3_3.jpg,020,RGB,surveillance,frontal,66,127,100,126,83,152,83,162,3,close,1985,m,True,True,False
surveillance_cameras_distance_3/cam_3/021_cam3_3.jpg,021,RGB,surveillance,frontal,73,93,103,90,90,109,93,126,3,close,1985,m,False,False,False
surveillance_cameras_distance_3/cam_3/022_cam3_3.jpg,022,RGB,surveillance,frontal,60,110,93,108,84,135,80,152,3,close,1984,m,False,False,False
surveillance_cameras_distance_3/cam_3/023_cam3_3.jpg,023,RGB,surveillance,frontal,73,106,102,102,91,124,92,145,3,close,1982,m,True,False,False
surveillance_cameras_distance_3/cam_3/024_cam3_3.jpg,024,RGB,surveillance,frontal,67,105,94,104,83,123,84,136,3,close,1984,m,False,False,False
surveillance_cameras_distance_3/cam_3/025_cam3_3.jpg,025,RGB,surveillance,frontal,73,101,105,103,92,123,90,143,3,close,1984,m,True,True,True
surveillance_cameras_distance_3/cam_3/026_cam3_3.jpg,026,RGB,surveillance,frontal,67,81,94,79,83,97,83,112,3,close,1982,m,False,False,False
surveillance_cameras_distance_3/cam_3/027_cam3_3.jpg,027,RGB,surveillance,frontal,69,107,95,106,86,127,85,139,3,close,1984,m,True,False,False
surveillance_cameras_distance_3/cam_3/028_cam3_3.jpg,028,RGB,surveillance,frontal,68,103,94,100,83,122,84,131,3,close,1982,f,False,False,False
surveillance_cameras_distance_3/cam_3/029_cam3_3.jpg,029,RGB,surveillance,frontal,69,99,94,96,83,116,84,127,3,close,1983,f,False,False,False
surveillance_cameras_distance_3/cam_3/030_cam3_3.jpg,030,RGB,surveillance,frontal,80,103,115,101,99,123,99,142,3,close,1984,m,False,False,False
surveillance_cameras_distance_3/cam_3/031_cam3_3.jpg,031,RGB,surveillance,frontal,69,93,95,91,84,111,84,122,3,close,1984,f,False,False,False
surveillance_cameras_distance_3/cam_3/032_cam3_3.jpg,032,RGB,surveillance,frontal,94,99,122,96,111,122,109,134,3,close,1983,m,True,True,False
surveillance_cameras_distance_3/cam_3/033_cam3_3.jpg,033,RGB,surveillance,frontal,73,113,112,111,96,144,95,162,3,close,1984,m,False,False,False
surveillance_cameras_distance_3/cam_3/034_cam3_3.jpg,034,RGB,surveillance,frontal,63,87,93,87,79,109,79,127,3,close,1978,m,False,False,False
surveillance_cameras_distance_3/cam_3/035_cam3_3.jpg,035,RGB,surveillance,frontal,65,95,100,92,86,116,87,137,3,close,1984,m,True,False,False
surveillance_cameras_distance_3/cam_3/036_cam3_3.jpg,036,RGB,surveillance,frontal,69,100,99,100,85,120,83,136,3,close,1983,m,True,False,False
surveillance_cameras_distance_3/cam_3/037_cam3_3.jpg,037,RGB,surveillance,frontal,75,107,106,105,93,133,90,146,3,close,1985,m,True,False,False
surveillance_cameras_distance_3/cam_3/038_cam3_3.jpg,038,RGB,surveillance,frontal,74,124,104,116,95,148,99,159,3,close,1984,m,True,False,False
surveillance_cameras_distance_3/cam_3/039_cam3_3.jpg,039,RGB,surveillance,frontal,68,87,94,85,83,103,84,114,3,close,1972,f,False,False,False
surveillance_cameras_distance_3/cam_3/040_cam3_3.jpg,040,RGB,surveillance,frontal,61,110,90,110,77,132,76,144,3,close,1983,m,False,False,False
surveillance_cameras_distance_3/cam_3/041_cam3_3.jpg,041,RGB,surveillance,frontal,68,97,98,92,86,117,90,134,3,close,1982,m,False,False,False
surveillance_cameras_distance_3/cam_3/042_cam3_3.jpg,042,RGB,surveillance,frontal,71,104,103,105,89,130,89,147,3,close,1984,m,False,False,False
surveillance_cameras_distance_3/cam_3/043_cam3_3.jpg,043,RGB,surveillance,frontal,55,103,86,99,72,121,74,136,3,close,1984,m,False,False,False
surveillance_cameras_distance_3/cam_4/001_cam4_3.jpg,001,RGB,surveillance,frontal,59,104,86,102,74,121,74,138,4,close,1973,m,False,False,False
surveillance_cameras_distance_3/cam_4/002_cam4_3.jpg,002,RGB,surveillance,frontal,58,85,84,82,73,101,73,116,4,close,1982,m,False,False,True
surveillance_cameras_distance_3/cam_4/003_cam4_3.jpg,003,RGB,surveillance,frontal,50,124,81,119,67,143,67,157,4,close,1983,m,False,False,False
surveillance_cameras_distance_3/cam_4/004_cam4_3.jpg,004,RGB,surveillance,frontal,59,126,91,124,78,150,77,164,4,close,1984,m,True,True,False
surveillance_cameras_distance_3/cam_4/005_cam4_3.jpg,005,RGB,surveillance,frontal,69,137,99,132,81,160,85,170,4,close,1983,m,False,False,False
surveillance_cameras_distance_3/cam_4/006_cam4_3.jpg,006,RGB,surveillance,frontal,62,128,99,125,82,159,81,173,4,close,1982,m,False,False,False
surveillance_cameras_distance_3/cam_4/007_cam4_3.jpg,007,RGB,surveillance,frontal,73,95,97,93,88,113,89,120,4,close,1984,f,False,False,False
surveillance_cameras_distance_3/cam_4/008_cam4_3.jpg,008,RGB,surveillance,frontal,52,86,80,86,67,106,69,119,4,close,1985,m,False,False,False
surveillance_cameras_distance_3/cam_4/009_cam4_3.jpg,009,RGB,surveillance,frontal,51,115,80,112,62,140,66,155,4,close,1984,m,False,False,False
surveillance_cameras_distance_3/cam_4/010_cam4_3.jpg,010,RGB,surveillance,frontal,56,132,91,133,73,158,75,178,4,close,1982,m,False,False,False
surveillance_cameras_distance_3/cam_4/011_cam4_3.jpg,011,RGB,surveillance,frontal,74,111,103,110,91,137,93,148,4,close,1984,m,True,True,False
surveillance_cameras_distance_3/cam_4/012_cam4_3.jpg,012,RGB,surveillance,frontal,61,103,88,98,75,119,77,133,4,close,1983,m,False,False,False
surveillance_cameras_distance_3/cam_4/013_cam4_3.jpg,013,RGB,surveillance,frontal,60,125,87,121,75,144,76,157,4,close,1984,m,False,False,False
surveillance_cameras_distance_3/cam_4/014_cam4_3.jpg,014,RGB,surveillance,frontal,71,90,97,86,86,105,87,117,4,close,1985,f,False,False,False
surveillance_cameras_distance_3/cam_4/015_cam4_3.jpg,015,RGB,surveillance,frontal,69,113,99,112,85,136,85,151,4,close,1980,m,False,False,False
surveillance_cameras_distance_3/cam_4/016_cam4_3.jpg,016,RGB,surveillance,frontal,55,116,81,112,71,134,73,146,4,close,1985,m,False,False,False
surveillance_cameras_distance_3/cam_4/017_cam4_3.jpg,017,RGB,surveillance,frontal,81,81,103,79,94,99,94,111,4,close,1984,m,False,False,False
surveillance_cameras_distance_3/cam_4/018_cam4_3.jpg,018,RGB,surveillance,frontal,62,109,94,108,77,129,81,145,4,close,1984,m,False,False,False
surveillance_cameras_distance_3/cam_4/019_cam4_3.jpg,019,RGB,surveillance,frontal,61,126,93,122,74,142,80,161,4,close,1982,m,False,False,True
surveillance_cameras_distance_3/cam_4/020_cam4_3.jpg,020,RGB,surveillance,frontal,66,116,98,113,85,140,87,152,4,close,1985,m,True,True,False
surveillance_cameras_distance_3/cam_4/021_cam4_3.jpg,021,RGB,surveillance,frontal,74,92,104,87,91,108,93,125,4,close,1985,m,False,False,False
surveillance_cameras_distance_3/cam_4/022_cam4_3.jpg,022,RGB,surveillance,frontal,71,107,104,104,92,132,92,149,4,close,1984,m,False,False,False
surveillance_cameras_distance_3/cam_4/023_cam4_3.jpg,023,RGB,surveillance,frontal,63,101,93,98,81,122,81,142,4,close,1982,m,True,False,False
surveillance_cameras_distance_3/cam_4/024_cam4_3.jpg,024,RGB,surveillance,frontal,77,116,105,115,94,134,93,147,4,close,1984,m,False,False,False
surveillance_cameras_distance_3/cam_4/025_cam4_3.jpg,025,RGB,surveillance,frontal,58,116,90,116,74,138,74,158,4,close,1984,m,True,True,True
surveillance_cameras_distance_3/cam_4/026_cam4_3.jpg,026,RGB,surveillance,frontal,77,95,104,92,94,109,93,124,4,close,1982,m,False,False,False
surveillance_cameras_distance_3/cam_4/027_cam4_3.jpg,027,RGB,surveillance,frontal,66,103,92,101,81,124,81,134,4,close,1984,m,True,False,False
surveillance_cameras_distance_3/cam_4/028_cam4_3.jpg,028,RGB,surveillance,frontal,60,103,88,99,76,121,76,132,4,close,1982,f,False,False,False
surveillance_cameras_distance_3/cam_4/029_cam4_3.jpg,029,RGB,surveillance,frontal,62,117,87,115,75,136,77,147,4,close,1983,f,False,False,False
surveillance_cameras_distance_3/cam_4/030_cam4_3.jpg,030,RGB,surveillance,frontal,66,117,100,114,83,138,85,156,4,close,1984,m,False,False,False
surveillance_cameras_distance_3/cam_4/031_cam4_3.jpg,031,RGB,surveillance,frontal,65,90,92,89,79,109,79,119,4,close,1984,f,False,False,False
surveillance_cameras_distance_3/cam_4/032_cam4_3.jpg,032,RGB,surveillance,frontal,72,93,102,90,88,118,88,132,4,close,1983,m,True,True,False
surveillance_cameras_distance_3/cam_4/033_cam4_3.jpg,033,RGB,surveillance,frontal,57,120,93,117,80,148,79,166,4,close,1984,m,False,False,False
surveillance_cameras_distance_3/cam_4/034_cam4_3.jpg,034,RGB,surveillance,frontal,64,85,96,83,82,106,82,125,4,close,1978,m,False,False,False
surveillance_cameras_distance_3/cam_4/035_cam4_3.jpg,035,RGB,surveillance,frontal,48,111,82,106,65,129,69,151,4,close,1984,m,True,False,False
surveillance_cameras_distance_3/cam_4/036_cam4_3.jpg,036,RGB,surveillance,frontal,71,113,102,111,86,132,87,148,4,close,1983,m,True,False,False
surveillance_cameras_distance_3/cam_4/037_cam4_3.jpg,037,RGB,surveillance,frontal,74,118,106,116,93,145,92,160,4,close,1985,m,True,False,False
surveillance_cameras_distance_3/cam_4/038_cam4_3.jpg,038,RGB,surveillance,frontal,58,119,93,113,80,148,83,160,4,close,1984,m,True,False,False
surveillance_cameras_distance_3/cam_4/039_cam4_3.jpg,039,RGB,surveillance,frontal,65,102,90,98,79,117,80,127,4,close,1972,f,False,False,False
surveillance_cameras_distance_3/cam_4/040_cam4_3.jpg,040,RGB,surveillance,frontal,60,124,86,124,73,147,73,158,4,close,1983,m,False,False,False
surveillance_cameras_distance_3/cam_4/041_cam4_3.jpg,041,RGB,surveillance,frontal,64,114,94,109,81,137,83,155,4,close,1982,m,False,False,False
surveillance_cameras_distance_3/cam_4/042_cam4_3.jpg,042,RGB,surveillance,frontal,59,103,92,100,76,128,78,147,4,close,1984,m,False,False,False
surveillance_cameras_distance_3/cam_4/043_cam4_3.jpg,043,RGB,surveillance,frontal,59,120,89,113,74,137,78,152,4,close,1984,m,False,False,False
surveillance_cameras_distance_3/cam_5/001_cam5_3.jpg,001,RGB,surveillance,frontal,58,118,86,119,70,137,72,151,5,close,1973,m,False,False,False
surveillance_cameras_distance_3/cam_5/002_cam5_3.jpg,002,RGB,surveillance,frontal,66,111,91,111,78,128,80,141,5,close,1982,m,False,False,True
surveillance_cameras_distance_3/cam_5/003_cam5_3.jpg,003,RGB,surveillance,frontal,62,137,90,137,75,158,76,168,5,close,1983,m,False,False,False
surveillance_cameras_distance_3/cam_5/004_cam5_3.jpg,004,RGB,surveillance,frontal,62,148,86,152,74,169,74,176,5,close,1984,m,True,True,False
surveillance_cameras_distance_3/cam_5/005_cam5_3.jpg,005,RGB,surveillance,frontal,54,153,78,149,65,172,74,177,5,close,1983,m,False,False,False
surveillance_cameras_distance_3/cam_5/006_cam5_3.jpg,006,RGB,surveillance,frontal,56,137,92,141,72,168,72,174,5,close,1982,m,False,False,False
surveillance_cameras_distance_3/cam_5/007_cam5_3.jpg,007,RGB,surveillance,frontal,64,118,87,118,76,136,77,141,5,close,1984,f,False,False,False
surveillance_cameras_distance_3/cam_5/008_cam5_3.jpg,008,RGB,surveillance,frontal,49,79,75,79,61,102,63,111,5,close,1985,m,False,False,False
surveillance_cameras_distance_3/cam_5/009_cam5_3.jpg,009,RGB,surveillance,frontal,51,129,78,129,59,156,63,167,5,close,1984,m,False,False,False
surveillance_cameras_distance_3/cam_5/010_cam5_3.jpg,010,RGB,surveillance,frontal,53,145,86,149,67,172,71,186,5,close,1982,m,False,False,False
surveillance_cameras_distance_3/cam_5/011_cam5_3.jpg,011,RGB,surveillance,frontal,59,110,85,109,72,136,74,144,5,close,1984,m,True,True,False
surveillance_cameras_distance_3/cam_5/012_cam5_3.jpg,012,RGB,surveillance,frontal,50,112,74,111,62,129,64,141,5,close,1983,m,False,False,False
surveillance_cameras_distance_3/cam_5/013_cam5_3.jpg,013,RGB,surveillance,frontal,49,131,71,131,61,150,64,158,5,close,1984,m,False,False,False
surveillance_cameras_distance_3/cam_5/014_cam5_3.jpg,014,RGB,surveillance,frontal,64,129,88,127,76,146,78,155,5,close,1985,f,False,False,False
surveillance_cameras_distance_3/cam_5/015_cam5_3.jpg,015,RGB,surveillance,frontal,50,115,77,115,62,139,64,150,5,close,1980,m,False,False,False
surveillance_cameras_distance_3/cam_5/016_cam5_3.jpg,016,RGB,surveillance,frontal,46,118,70,118,59,137,60,146,5,close,1985,m,False,False,False
surveillance_cameras_distance_3/cam_5/017_cam5_3.jpg,017,RGB,surveillance,frontal,64,103,86,101,75,121,76,129,5,close,1984,m,False,False,False
surveillance_cameras_distance_3/cam_5/018_cam5_3.jpg,018,RGB,surveillance,frontal,56,104,88,105,70,127,73,138,5,close,1984,m,False,False,False
surveillance_cameras_distance_3/cam_5/019_cam5_3.jpg,019,RGB,surveillance,frontal,48,133,78,134,61,153,67,166,5,close,1982,m,False,False,True
surveillance_cameras_distance_3/cam_5/020_cam5_3.jpg,020,RGB,surveillance,frontal,50,119,79,125,61,141,63,149,5,close,1985,m,True,True,False
surveillance_cameras_distance_3/cam_5/021_cam5_3.jpg,021,RGB,surveillance,frontal,63,107,92,104,77,125,80,138,5,close,1985,m,False,False,False
surveillance_cameras_distance_3/cam_5/022_cam5_3.jpg,022,RGB,surveillance,frontal,67,121,98,120,84,148,87,159,5,close,1984,m,False,False,False
surveillance_cameras_distance_3/cam_5/023_cam5_3.jpg,023,RGB,surveillance,frontal,55,114,84,111,69,136,71,151,5,close,1982,m,True,False,False
surveillance_cameras_distance_3/cam_5/024_cam5_3.jpg,024,RGB,surveillance,frontal,44,115,72,118,58,136,58,147,5,close,1984,m,False,False,False
surveillance_cameras_distance_3/cam_5/025_cam5_3.jpg,025,RGB,surveillance,frontal,55,128,87,132,71,149,70,165,5,close,1984,m,True,True,True
surveillance_cameras_distance_3/cam_5/026_cam5_3.jpg,026,RGB,surveillance,frontal,67,93,94,92,81,112,81,125,5,close,1982,m,False,False,False
surveillance_cameras_distance_3/cam_5/027_cam5_3.jpg,027,RGB,surveillance,frontal,55,131,79,131,66,153,67,160,5,close,1984,m,True,False,False
surveillance_cameras_distance_3/cam_5/028_cam5_3.jpg,028,RGB,surveillance,frontal,68,121,92,120,81,138,81,147,5,close,1982,f,False,False,False
surveillance_cameras_distance_3/cam_5/029_cam5_3.jpg,029,RGB,surveillance,frontal,67,141,92,143,78,158,79,165,5,close,1983,f,False,False,False
surveillance_cameras_distance_3/cam_5/030_cam5_3.jpg,030,RGB,surveillance,frontal,74,118,107,118,86,142,88,154,5,close,1984,m,False,False,False
surveillance_cameras_distance_3/cam_5/031_cam5_3.jpg,031,RGB,surveillance,frontal,63,116,88,117,75,136,77,143,5,close,1984,f,False,False,False
surveillance_cameras_distance_3/cam_5/032_cam5_3.jpg,032,RGB,surveillance,frontal,66,100,95,99,80,127,82,137,5,close,1983,m,True,True,False
surveillance_cameras_distance_3/cam_5/033_cam5_3.jpg,033,RGB,surveillance,frontal,57,137,89,138,73,165,77,179,5,close,1984,m,False,False,False
surveillance_cameras_distance_3/cam_5/034_cam5_3.jpg,034,RGB,surveillance,frontal,58,107,88,106,71,130,76,143,5,close,1978,m,False,False,False
surveillance_cameras_distance_3/cam_5/035_cam5_3.jpg,035,RGB,surveillance,frontal,52,119,82,119,64,142,69,157,5,close,1984,m,True,False,False
surveillance_cameras_distance_3/cam_5/036_cam5_3.jpg,036,RGB,surveillance,frontal,63,104,95,105,74,124,77,138,5,close,1983,m,True,False,False
surveillance_cameras_distance_3/cam_5/037_cam5_3.jpg,037,RGB,surveillance,frontal,50,126,80,125,65,153,66,165,5,close,1985,m,True,False,False
surveillance_cameras_distance_3/cam_5/038_cam5_3.jpg,038,RGB,surveillance,frontal,63,128,90,127,77,155,82,162,5,close,1984,m,True,False,False
surveillance_cameras_distance_3/cam_5/039_cam5_3.jpg,039,RGB,surveillance,frontal,54,135,78,135,66,151,67,159,5,close,1972,f,False,False,False
surveillance_cameras_distance_3/cam_5/040_cam5_3.jpg,040,RGB,surveillance,frontal,60,110,88,112,71,134,73,143,5,close,1983,m,False,False,False
surveillance_cameras_distance_3/cam_5/041_cam5_3.jpg,041,RGB,surveillance,frontal,53,122,81,121,67,147,71,161,5,close,1982,m,False,False,False
surveillance_cameras_distance_3/cam_5/042_cam5_3.jpg,042,RGB,surveillance,frontal,61,140,93,141,75,165,77,179,5,close,1984,m,False,False,False
surveillance_cameras_distance_3/cam_5/043_cam5_3.jpg,043,RGB,surveillance,frontal,62,123,87,122,72,143,77,156,5,close,1984,m,False,False,False
